name,rank,frequency
Smith,1,2369644
Johnson,2,1858234
Williams,3,1561395
Brown,4,1386083
Jones,5,1383250
Garcia,6,1149510
Miller,7,1129186
Rodriguez,8,1085838
Davis,9,1074448
Martinez,10,1039848
Hernandez,11,1013895
Lopez,12,878958
Gonzalez,13,828405
Wilson,14,777275
Anderson,15,756560
Thomas,16,734345
Taylor,17,723758
Moore,18,696384
Lee,19,695657
Jackson,20,686937
Perez,21,680712
Martin,22,678691
Thompson,23,640099
White,24,636798
Sanchez,25,607848
Harris,26,603371
Ramirez,27,544204
Clark,28,539661
Nguyen,29,531404
Lewis,30,515459
Robinson,31,510138
Walker,32,504833
Hall,33,470080
Young,34,468920
Allen,35,465583
King,36,453539
Wright,37,443210
Torres,38,435998
Flores,39,426965
Scott,40,421499
Hill,41,419076
Green,42,415664
Adams,43,413470
Nelson,44,410801
Baker,45,401148
Rivera,46,398449
Mitchell,47,372104
Campbell,48,370555
Gomez,49,368213
Carter,50,364355
Roberts,51,362049
Diaz,52,356910
Phillips,53,343656
Evans,54,343493
Cruz,55,342580
Reyes,56,335828
Turner,57,333512
Parker,58,323880
Edwards,59,320927
Collins,60,317373
Stewart,61,311429
Morales,62,310866
Patel,63,309327
Morris,64,307446
Murphy,65,298047
Cook,66,290386
Rogers,67,289242
Ortiz,68,288277
Morgan,69,276366
Gutierrez,70,275216
Kim,71,274068
Cooper,72,271453
Bailey,73,269092
Ramos,74,268640
Reed,75,268584
Bell,76,267025
Peterson,77,265150
Doe,78,262774
Ward,79,255767
Kelly,80,255516
Howard,81,253434
Cox,82,249872
Richardson,83,249840
Chavez,84,244201
Brooks,85,244116
James,86,243502
Watson,87,242956
Mendoza,88,242772
Gray,89,241208
Bennett,90,239397
Wood,91,238948
Ruiz,92,237286
Chen,93,233798
Castillo,94,231347
Alvarez,95,229446
Hughes,96,226912
Price,97,225734
Jimenez,98,225722
Ross,99,224952
Long,100,223485
Tran,101,223440
Sanders,102,221987
Myers,103,220983
Foster,104,218824
Powell,105,216911
Jenkins,106,213644
Sullivan,107,212701
Russell,108,211729
Perry,109,211657
Coleman,110,211259
Henderson,111,210128
Butler,112,208167
Romero,113,208066
Gonzales,114,207620
Fisher,115,206799
Barnes,116,206431
Vasquez,117,201992
Jordan,118,200984
Simmons,119,199853
Alexander,120,197734
Patterson,121,197137
Hamilton,122,194450
Graham,123,194159
Moreno,124,192910
Reynolds,125,191703
Griffin,126,191130
West,127,189360
Wallace,128,189325
Cole,129,187989
Castro,130,187649
Herrera,131,186848
Medina,132,186456
Hayes,133,186445
Fernandez,134,185352
Bryant,135,184727
Gibson,136,182917
Ellis,137,182308
Aguilar,138,180700
Murray,139,179133
Ford,140,178559
Stevens,141,177585
Marshall,142,175713
Owens,143,175160
Vargas,144,174429
Mcdonald,145,172700
Harrison,146,172637
Woods,147,172463
Washington,148,172075
Kennedy,149,171457
Guzman,150,170696
Wang,151,169987
Wells,152,169750
Henry,153,166610
Li,154,165790
Mendez,155,165623
Singh,156,163612
Silva,157,162724
Webb,158,162492
Freeman,159,162107
Tucker,160,160581
Crawford,161,159143
Burns,162,159111
Gordon,163,157985
Munoz,164,156875
Porter,165,156720
Olson,166,156271
Simpson,167,156097
Hunter,168,155740
Shaw,169,155184
Dixon,170,154538
Mason,171,153847
Snyder,172,152979
Hunt,173,152764
Hicks,174,151942
Black,175,151439
Palmer,176,151165
Salazar,177,150906
Holmes,178,150877
Rose,179,149763
Fox,180,149757
Wagner,181,149267
Boyd,182,147346
Meyer,183,147096
Stone,184,147006
Robertson,185,146630
Warren,186,145946
Mills,187,145448
Soto,188,145165
Garza,189,144658
Santos,190,144026
Vazquez,191,143372
Rice,192,142463
Schmidt,193,142290
Daniels,194,141286
Weaver,195,140670
Grant,196,139862
Stephens,197,139485
Ferguson,198,139234
Yang,199,139210
Le,200,138532
Ryan,201,137599
Gardner,202,137379
Kelley,203,137250
Dunn,204,137243
Payne,205,137217
Nichols,206,136692
Hawkins,207,135632
Spencer,208,135510
Pena,209,135370
Hansen,210,135050
Alvarado,211,133053
Knight,212,132682
Pierce,213,132277
Arnold,214,132160
Peters,215,132098
Elliott,216,131897
Hart,217,131550
Bradley,218,130526
Ray,219,130289
Hudson,220,129935
Armstrong,221,129826
Duncan,222,129708
Lane,223,129618
Riley,224,129431
Andrews,225,129205
Carroll,226,129163
Delgado,227,128967
Nunez,228,128895
Cunningham,229,128869
George,230,127488
Berry,231,127443
Liu,232,127257
Rios,233,126386
Matthews,234,126328
Perkins,235,126147
Richards,236,126138
Johnston,237,126068
Santiago,238,125697
Contreras,239,125396
Guerrero,240,125229
Estrada,241,125185
Willis,242,125122
Ortega,243,124833
Sandoval,244,124812
Hoffman,245,124557
Lawrence,246,124450
Carpenter,247,124364
Greene,248,122836
Chapman,249,122597
Valdez,250,122442
Watkins,251,122315
Zhang,252,122053
Maldonado,253,119954
Wheeler,254,119866
Harper,255,119191
Burke,256,118342
Larson,257,117441
Vega,258,116828
Lin,259,116776
Dominguez,260,116738
Obrien,261,115547
Morrison,262,115546
Carlson,263,115532
Franklin,264,115358
Carr,265,115016
Jacobs,266,114905
Lawson,267,114522
Jensen,268,114314
Lynch,269,114010
Austin,270,113709
Wong,271,112062
Bishop,272,112014
Harvey,273,111716
Park,274,111265
Montgomery,275,110972
Mejia,276,110790
Sims,277,109854
Oliver,278,109817
Dean,279,109762
Williamson,280,109310
Reid,281,109275
Rojas,282,109184
Joseph,283,108935
Gilbert,284,108832
Espinoza,285,108031
Howell,286,107414
Mccoy,287,107288
Hanson,288,106689
Luna,289,106387
Weber,290,106260
Marquez,291,106054
Burton,292,105987
Fuller,293,105864
Acosta,294,104841
Padilla,295,104340
Welch,296,103903
Banks,297,103658
Fields,298,103194
Lucas,299,102949
Day,300,102775
Garrett,301,102634
Walsh,302,101867
Khan,303,101770
May,304,101571
Pham,305,101083
Little,306,101061
Walters,307,100790
Davidson,308,100706
Bowman,309,100205
Figueroa,310,100117
Schultz,311,99932
Fowler,312,99260
Brewer,313,98650
Huang,314,98330
Juarez,315,97719
Molina,316,97649
Pearson,317,97562
Wu,318,97527
Holland,319,97501
Schneider,320,97428
Navarro,321,97262
Curtis,322,97208
Newman,323,97169
Douglas,324,97078
Barrett,325,96872
Avila,326,96191
Cortez,327,95625
Campos,328,94276
Keller,329,94168
Miranda,330,93203
Wade,331,93102
Hopkins,332,92924
Beck,333,91948
Chambers,334,91795
Stanley,335,91375
Deleon,336,91364
Barnett,337,91163
Ayala,338,91108
Bates,339,91057
Caldwell,340,90100
Lowe,341,89696
Lambert,342,89460
Frazier,343,88963
Schwartz,344,88948
Duran,345,88415
Byrd,346,88388
Powers,347,88252
Neal,348,87995
Craig,349,87675
Fleming,350,86848
Sutton,351,86836
Leonard,352,86736
Rhodes,353,86574
Carrillo,354,86513
Cohen,355,86401
Jennings,356,86271
Cabrera,357,85945
Moran,358,85840
Shelton,359,85839
Gregory,360,85781
Watts,361,85754
Leon,362,85611
Steele,363,85371
Norris,364,84956
Mcdaniel,365,84533
Ali,366,84529
Becker,367,84525
Parks,368,84327
Barker,369,83987
Vaughn,370,83826
Love,371,83691
Terry,372,83406
Chang,373,83382
Lara,374,83110
Hale,375,83103
Haynes,376,83022
Fuentes,377,82907
Benson,378,82707
Miles,379,82573
Holt,380,82517
Mann,381,82479
Zimmerman,382,82459
Lyons,383,81507
Chan,384,81431
Robles,385,81059
Dawson,386,80960
Horton,387,80807
Wolfe,388,80540
Graves,389,80533
Salinas,390,80378
Mckinney,391,80343
Solis,392,80233
Bush,393,80122
Warner,394,80118
Mccarthy,395,80108
Paul,396,80097
Fletcher,397,79835
Klein,398,79552
Reeves,399,79326
Page,400,79314
Rivas,401,78862
Erickson,402,78808
Simon,403,78701
Cervantes,404,78517
Velasquez,405,78234
Francis,406,78198
Daniel,407,78123
Ochoa,408,77931
Hardy,409,77922
Thornton,410,77910
Baldwin,411,77881
Pacheco,412,76943
Shah,413,76855
Aguirre,414,76796
Calderon,415,76428
Oconnor,416,76316
Delacruz,417,76225
Cummings,418,76172
Serrano,419,76051
Ball,420,76008
Cardenas,421,75996
Higgins,422,75781
Bowen,423,75672
Gill,424,75535
Griffith,425,75478
Sharp,426,75463
Robbins,427,75400
Blair,428,75384
Quinn,429,75251
Barber,430,75161
Kaur,431,75046
Cross,432,75035
Rosales,433,74769
Ramsey,434,74666
Christensen,435,74664
Moss,436,74470
Ahmed,437,74458
Dennis,438,74379
Swanson,439,74015
Chandler,440,73879
Rodgers,441,73646
Fitzgerald,442,72557
Curry,443,72444
Roman,444,72391
Stevenson,445,72286
Mclaughlin,446,71961
Doyle,447,71863
Manning,448,71809
Garner,449,71498
Blake,450,71425
Walton,451,71361
Newton,452,71351
Mcgee,453,71307
Reese,454,71141
Gross,455,70852
Burgess,456,70718
Montoya,457,70671
Franco,458,70637
Harmon,459,70550
Fischer,460,70511
Trujillo,461,70403
Adkins,462,70363
Person,463,70174
Webster,464,70161
Brady,465,70047
Clarke,466,70011
Wolf,467,69917
Mack,468,69776
Goodman,469,69577
Colon,470,68998
Potter,471,68997
Goodwin,472,68963
Suarez,473,68838
Castaneda,474,68636
Hines,475,68581
Escobar,476,68460
Guerra,477,68407
Todd,478,68395
Tate,479,68390
Cannon,480,68041
Hubbard,481,68031
Mullins,482,67835
Rowe,483,67831
Camacho,484,67599
Valencia,485,67405
Hodges,486,67360
Saunders,487,67352
Gallagher,488,67066
Malone,489,66928
Farmer,490,66667
Hampton,491,66633
Townsend,492,66493
Sherman,493,66346
Hammond,494,66318
Yu,495,66156
Ingram,496,66120
Maxwell,497,65829
Gallegos,498,65598
Wise,499,65596
Orozco,500,65402
Velazquez,501,65353
Schroeder,502,65286
Huynh,503,65148
Waters,504,65036
Andrade,505,64946
Barton,506,64761
Logan,507,64755
Yoder,508,64632
Parsons,509,64627
Santana,510,64579
Buchanan,511,64348
Glover,512,64341
Osborne,513,64098
Norman,514,63944
Harrington,515,63775
Frank,516,63608
Strickland,517,63585
Pineda,518,63437
Casey,519,63424
Floyd,520,63374
Ibarra,521,63358
Salas,522,63317
Gibbs,523,63006
Patton,524,62929
Bowers,525,62913
Charles,526,62686
Bauer,527,62667
Tyler,528,62380
Cobb,529,62205
Mueller,530,62147
Lloyd,531,62010
Villanueva,532,61969
Mercado,533,61773
Mcguire,534,61752
Mcbride,535,61751
Moody,536,61480
Flynn,537,61341
Villarreal,538,61336
French,539,61329
Zamora,540,61244
Pope,541,61177
Hartman,542,61086
Mccormick,543,61083
Sparks,544,61073
Conner,545,61028
Hogan,546,61016
Kramer,547,60950
Lindsey,548,60657
Macias,549,60590
Yates,550,60581
Lang,551,59955
Shepherd,552,59896
Marsh,553,59877
Bautista,554,59869
Lam,555,59770
Norton,556,59666
Barrera,557,59196
Pratt,558,59174
Stokes,559,59097
Drake,560,59055
Owen,561,58962
Arias,562,58926
Petersen,563,58885
Cain,564,58521
Melendez,565,58520
Brock,566,58368
Trevino,566,58368
Burnett,568,58194
Mckenzie,569,58046
Morton,570,58028
Olsen,571,57626
Lamb,572,57573
Hess,573,57557
Ballard,574,57424
Patrick,575,57411
Lozano,576,57179
Shaffer,577,57111
Mora,578,57092
Nash,579,57028
Hoover,580,57000
Cochran,581,56354
Vang,582,56261
Roth,583,56238
Flowers,584,56061
Holloway,585,56001
Wilkins,586,55955
Zuniga,587,55865
Weiss,588,55845
Rangel,589,55758
Briggs,590,55710
Ho,591,55533
Nicholson,592,55506
Larsen,593,55235
Houston,594,55138
Meyers,595,55110
Greer,596,55088
Decker,597,55000
Bryan,598,54685
Roberson,599,54638
Summers,600,54528
Bass,601,54502
Bonilla,602,54461
Short,603,54312
Collier,604,54282
Valenzuela,605,54200
Roy,606,54089
Underwood,607,54083
Carson,608,54032
Morrow,609,54003
Whitaker,610,53950
Clayton,611,53875
Rocha,612,53864
Wilcox,613,53767
Carey,614,53736
Jefferson,615,53646
Davenport,616,53635
Velez,617,53491
Monroe,618,53483
Copeland,619,53472
Huff,620,53338
Sosa,621,53289
Conley,622,53274
Poole,623,53246
Choi,624,52885
Cameron,625,52870
Massey,626,52666
Rosario,627,52418
Hood,628,52395
Acevedo,629,52393
Pittman,630,52342
Benitez,631,52211
Singleton,632,52173
Anthony,633,52156
Meza,634,52047
Wall,635,52042
Bradford,636,51912
Skinner,637,51876
Combs,638,51814
Randall,639,51764
Galvan,640,51675
Kirby,641,51620
Atkinson,642,51453
Bridges,643,51385
Boone,644,51373
Mathis,645,51361
Wilkinson,646,51341
Vincent,647,51329
Gates,648,51298
Kirk,649,51067
Richard,650,51000
Christian,651,50934
Bruce,652,50879
Villa,653,50813
Zavala,654,50789
Hodge,655,50700
York,656,50675
Bond,657,50649
Farrell,658,50453
Tapia,659,50410
Sweeney,660,50370
Abbott,661,50148
Wyatt,662,50142
Rubio,663,50103
Phelps,664,50090
Allison,665,49879
Arroyo,666,49828
Foley,667,49766
Cortes,668,49681
Chase,669,49533
Dickerson,670,49519
Mathews,671,49484
Heath,672,49412
Oneill,673,49365
Atkins,674,49353
Cisneros,675,49338
Shields,676,49337
Beltran,677,49320
Horn,678,49305
Barron,679,49096
Dalton,680,48924
Savage,681,48874
Callahan,682,48861
Ponce,683,48830
Kane,684,48826
Harrell,685,48672
Glenn,686,48549
Guevara,687,48503
Wiggins,688,48358
Garrison,689,48292
Boyer,690,48281
Cantu,691,48115
Huffman,692,48093
Phan,693,48064
Hancock,694,47984
Ware,695,47874
Rich,696,47823
Brennan,697,47806
Dillon,698,47767
Cline,699,47748
Arellano,700,47631
Hensley,701,47615
Golden,702,47533
Koch,703,47453
Mcdowell,704,47414
Montes,705,47397
Parrish,706,47354
Marks,707,47331
Barry,708,47279
Grimes,709,47264
Clay,710,47234
Villegas,711,47223
Baxter,712,47095
Pitts,713,47055
Booth,714,47016
Mata,715,47012
Wiley,716,46986
Lu,717,46937
Sawyer,718,46929
Melton,719,46858
Berg,720,46800
Gilmore,721,46765
Humphrey,722,46668
Stephenson,723,46615
Prince,724,46551
Solomon,725,46541
Dejesus,726,46493
Sharma,727,46467
Tanner,728,46437
Snow,729,46310
Hobbs,730,46281
Dyer,731,46255
David,732,45954
Oneal,733,45929
Mcclain,734,45911
Johns,735,45892
Moon,736,45833
Hutchinson,737,45820
Beard,738,45797
Walter,739,45791
Russo,740,45790
Henson,741,45780
Mcclure,742,45586
Murillo,743,45567
Mosley,744,45562
Wilkerson,745,45488
Beasley,746,45439
Huerta,747,45314
Truong,748,45309
Keith,749,45259
Xiong,750,45183
Vo,751,45170
Macdonald,752,45126
Preston,753,45056
Vance,754,44920
Davila,755,44850
Eaton,756,44833
English,757,44777
Hurst,758,44738
Blackwell,759,44711
Palacios,760,44626
Small,761,44613
Kemp,762,44426
Xu,763,44406
Stafford,764,44382
Cordova,765,44178
Chung,766,44132
Shannon,767,44030
Marin,768,43997
Mccullough,769,43929
Nolan,770,43879
Salgado,771,43867
Merritt,772,43857
Vu,773,43790
Strong,774,43757
Woodard,775,43731
Winters,776,43495
Barajas,777,43327
Kline,778,43180
Cuevas,779,43163
Kerr,780,43118
Zheng,781,43117
Knox,782,43026
Duarte,783,42935
Odonnell,784,42865
Barr,785,42818
Rosas,786,42815
Jacobson,787,42784
Meadows,788,42694
Lester,789,42692
Bullock,790,42676
Gaines,791,42617
Mcintyre,792,42592
Conway,793,42563
Tang,794,42548
Orr,795,42533
Nielsen,796,42520
Leach,797,42194
Roach,798,42179
Kent,799,42163
Whitehead,800,42089
Pruitt,801,42087
Mckee,802,42029
Bravo,803,41827
Dorsey,804,41699
Hull,805,41685
Berger,806,41655
Bartlett,807,41652
Sloan,808,41599
Mclean,809,41538
Esparza,810,41465
Mccall,811,41386
Stein,812,41382
Leblanc,813,41367
Browning,814,41347
Calhoun,814,41347
Hendricks,816,41308
Durham,817,41287
Hanna,818,41220
Ventura,819,41204
Stout,820,41195
Gentry,821,41191
Buck,822,41103
Middleton,822,41103
Blankenship,824,41049
Mcintosh,825,40973
Quintero,826,40966
Mohamed,827,40957
Bradshaw,828,40813
Ellison,829,40780
Frost,830,40771
Sexton,831,40756
Lowery,832,40645
Livingston,833,40605
Sellers,834,40541
Portillo,835,40506
Gillespie,836,40456
Felix,837,40449
Noble,838,40384
Lim,839,40278
Buckley,840,40231
Hardin,841,40223
House,842,40157
Glass,843,40133
Enriquez,844,40048
Spears,845,40009
Howe,846,39912
Blanco,847,39888
Knapp,847,39888
Medrano,849,39831
Trejo,850,39769
Corona,851,39695
Stark,852,39649
Reilly,853,39645
Morse,854,39517
Benjamin,855,39477
Tan,856,39432
Schaefer,857,39427
Mcfarland,858,39411
Weeks,859,39404
Bentley,860,39380
Giles,861,39371
Pennington,862,39335
Frederick,863,39331
Hahn,864,39328
Cheng,865,39305
Randolph,866,39297
Fitzpatrick,867,39241
Herman,868,39217
Walls,869,39209
Hebert,870,39189
Zhou,871,39160
Valentine,872,39158
Lugo,873,39144
Crosby,874,39086
Mays,875,39073
Pierre,876,39005
Zhao,877,38974
Donovan,878,38902
Hickman,879,38795
Mcmillan,880,38777
Ngo,881,38770
Conrad,882,38744
Bernal,883,38729
Mahoney,884,38677
Lucero,885,38613
Pace,886,38580
Delarosa,887,38542
Moses,888,38468
Peralta,889,38418
Costa,890,38406
Hurley,891,38388
Ma,892,38387
Mcmahon,893,38378
Espinosa,894,38375
Raymond,894,38375
Case,896,38337
Mcconnell,897,38270
Friedman,898,38252
Harding,899,38220
Bender,900,38205
Nava,901,38135
Correa,902,38056
Do,902,38056
Peck,904,38039
Boyle,905,38028
Vaughan,906,37970
Landry,907,37904
Bernard,908,37873
Michael,909,37760
Everett,910,37752
Mayer,911,37738
Rivers,912,37733
Sampson,913,37721
Pugh,914,37613
Blackburn,915,37556
Duffy,915,37556
Kumar,917,37459
Rush,918,37453
John,919,37363
Cano,920,37355
Avery,921,37354
Magana,922,37335
Villalobos,923,37166
Ayers,924,36980
Gould,925,36956
Mckay,926,36937
Dunlap,927,36873
Shepard,928,36770
Sun,929,36735
Dang,930,36719
Fry,931,36696
Lynn,932,36656
Clements,933,36649
Best,934,36602
Crane,935,36578
Andersen,936,36548
Blanchard,937,36521
Levy,938,36499
Quintana,939,36441
Blevins,940,36439
Ashley,941,36420
Potts,942,36403
Alfaro,943,36351
Avalos,944,36305
Farley,945,36293
Finley,946,36189
Nieves,947,36188
Esquivel,948,36172
Amaya,949,36144
Dougherty,950,36142
Parra,951,36137
Hoang,952,36123
Han,953,36028
Benton,954,35994
Leal,955,35970
Herring,956,35941
Sierra,957,35938
Nixon,958,35853
Hayden,959,35844
Jaramillo,960,35826
Galindo,961,35808
Haley,962,35805
Moyer,963,35709
Cho,964,35679
Booker,965,35648
Zhu,966,35639
Dodson,967,35618
Krueger,968,35568
Frye,969,35502
Richmond,970,35493
Mullen,971,35464
Huber,972,35444
Bean,973,35379
Bui,974,35375
Horne,975,35295
Rasmussen,976,35292
Sheppard,977,35274
Woodward,978,35266
Mcpherson,979,35248
Brandt,980,35211
Mccarty,981,35172
Donaldson,982,35108
Quinones,983,35066
Spence,984,35005
Kang,985,34834
Oconnell,986,34829
Maynard,987,34753
Schmitt,988,34747
Estes,989,34729
Sanford,990,34723
Maddox,991,34687
Coffey,992,34539
Stuart,993,34534
Burch,994,34518
Cardona,995,34471
Good,996,34414
Stanton,997,34407
Faulkner,998,34330
Dudley,999,34312
Compton,1000,34287
Hinton,1001,34256
Church,1002,34224
Waller,1003,34222
Reyna,1004,34210
Cherry,1005,34179
Madden,1006,34170
Rosa,1007,34111
Proctor,1008,34084
Mccann,1009,34078
Davies,1010,33945
Abraham,1011,33875
Haas,1012,33872
Terrell,1013,33860
Jiang,1014,33838
Bird,1015,33829
Kaufman,1016,33814
Jarvis,1017,33745
Braun,1018,33654
Mcgrath,1019,33611
Galloway,1020,33610
Novak,1021,33606
Dickson,1022,33594
Mayo,1023,33564
Ly,1024,33559
Hester,1025,33543
Hendrix,1026,33528
Archer,1027,33513
Petty,1028,33510
Whitney,1029,33509
Rollins,1030,33500
Barrios,1031,33453
Forbes,1032,33424
Saenz,1032,33424
Baird,1034,33405
Pollard,1035,33334
Duke,1036,33324
Daugherty,1037,33317
Werner,1038,33291
Rowland,1039,33181
Odom,1040,33171
Travis,1041,33156
Cantrell,1042,33141
Vera,1043,33109
Saldana,1044,33069
Hatfield,1045,33047
Hays,1046,33013
Hong,1047,33012
Holden,1048,32979
Branch,1049,32953
Mcknight,1050,32935
Mercer,1051,32906
Joyce,1052,32875
Riggs,1053,32857
Baez,1054,32855
Zapata,1055,32804
Velasco,1056,32791
Downs,1057,32664
Krause,1058,32639
Mcneil,1059,32607
Hooper,1060,32518
Ng,1060,32518
Barlow,1062,32516
Irwin,1063,32386
Tovar,1064,32379
Cooley,1065,32317
Liang,1066,32308
Bray,1067,32301
Kaiser,1068,32286
Gamble,1069,32189
Pereira,1070,32169
Ferrell,1071,32159
Law,1072,32116
Lindsay,1073,32075
Bright,1074,32068
Kidd,1074,32068
Ewing,1076,32030
Noel,1077,31994
Holder,1078,31959
Frey,1079,31948
Mcgowan,1080,31927
Shea,1081,31836
Mooney,1082,31792
Key,1083,31773
Chaney,1084,31687
Cotton,1085,31686
Ritter,1086,31649
Becerra,1087,31625
Bonner,1088,31621
Carney,1089,31572
Gupta,1090,31571
Lehman,1091,31533
Dotson,1092,31521
Merrill,1093,31507
Haney,1094,31479
Riddle,1095,31463
Cooke,1096,31451
Holman,1097,31438
Newell,1098,31405
Fritz,1099,31402
Aguilera,1100,31397
Delaney,1101,31364
Dailey,1102,31350
Bolton,1103,31334
Lancaster,1104,31286
Song,1105,31257
Castellanos,1106,31212
Hassan,1107,31210
Lake,1108,31187
Cordero,1109,31145
Justice,1110,31110
Osborn,1111,31099
Byers,1112,31082
Goff,1113,31014
Slater,1114,30996
Levine,1115,30989
Valle,1116,30968
Sears,1117,30821
Fulton,1118,30773
Winter,1119,30758
Muniz,1120,30731
Costello,1121,30728
Katz,1122,30668
Gallardo,1123,30653
Carver,1124,30640
Mcfadden,1125,30612
Guthrie,1126,30592
Cowan,1127,30577
Daly,1128,30517
Kuhn,1129,30443
Albert,1130,30390
Snider,1131,30372
Mcleod,1132,30359
Guy,1133,30348
Lutz,1134,30324
Workman,1135,30287
Lau,1136,30237
Pickett,1137,30232
Donnelly,1138,30193
Maloney,1139,30192
Kinney,1140,30180
Springer,1141,30177
Segura,1142,30149
Witt,1143,30145
Orellana,1144,30123
Gorman,1145,30102
Minor,1146,30050
Marino,1147,30047
Craft,1148,30031
Crowley,1149,30022
Pearce,1150,29981
Cleveland,1151,29935
Donahue,1152,29903
Gay,1153,29878
Chu,1154,29872
Beach,1155,29830
Hurtado,1156,29827
Mcdermott,1157,29807
Tillman,1158,29796
Guillen,1159,29792
Bruno,1160,29776
Dillard,1161,29768
Osorio,1162,29742
Vogel,1162,29742
Hu,1164,29734
Alford,1165,29646
Flanagan,1166,29609
Mccabe,1167,29608
Britt,1168,29594
Alonso,1169,29520
Wilder,1170,29512
Hartley,1171,29504
Wooten,1172,29503
Carrasco,1173,29489
Lange,1174,29442
Dodd,1175,29440
Starr,1176,29409
Hendrickson,1177,29408
Shoemaker,1178,29407
Finch,1179,29401
Odell,1180,29381
Moser,1181,29325
Emerson,1182,29261
Ferreira,1183,29131
Saucedo,1184,29108
Mackey,1185,29103
Franks,1186,29066
Whitfield,1187,29052
Kendall,1188,28998
Sweet,1189,28989
Welsh,1190,28953
Duong,1191,28934
Holley,1192,28921
Caballero,1193,28902
Chacon,1194,28806
Bacon,1195,28803
Crowe,1195,28803
Zepeda,1197,28772
Byrne,1198,28742
Childers,1199,28730
Cash,1200,28715
Elder,1201,28711
Mayfield,1201,28711
Alston,1203,28708
Rodrigues,1203,28708
Connolly,1205,28669
Sutherland,1206,28660
Kirkland,1207,28647
Meeks,1208,28638
Vigil,1209,28574
Talley,1210,28562
Hewitt,1211,28525
Gibbons,1212,28478
Lemus,1213,28467
Cramer,1214,28465
Wynn,1215,28437
Richter,1216,28434
Camp,1217,28427
Connor,1218,28409
Dale,1219,28382
England,1220,28381
Ratliff,1221,28350
Mcallister,1222,28274
Ritchie,1223,28266
Sharpe,1224,28263
Helms,1225,28231
Goldberg,1226,28177
Tracy,1227,28161
Goldstein,1228,28108
Morin,1229,28060
Oneil,1230,28057
Kessler,1231,28055
Farris,1232,28047
Gilliam,1233,28041
Arredondo,1234,28020
Hyde,1235,28009
Pate,1236,27998
Godfrey,1237,27953
Rosado,1238,27943
Joyner,1239,27913
Tyson,1240,27872
Childs,1241,27853
Hatcher,1242,27844
Chamberlain,1243,27832
Carranza,1244,27830
Chin,1245,27823
Sorensen,1246,27819
Romano,1247,27782
Downing,1248,27775
Mobley,1249,27771
Britton,1250,27730
Haines,1251,27705
Escobedo,1252,27650
Hickey,1253,27647
Kaplan,1254,27627
Grace,1255,27610
Hilton,1256,27585
Coronado,1257,27539
Bermudez,1258,27437
Holcomb,1259,27413
Paredes,1260,27350
Sinclair,1261,27347
Rankin,1262,27295
Knowles,1263,27231
Arthur,1264,27204
Kern,1265,27153
Dye,1266,27118
Aquino,1267,27107
Paz,1268,27105
Womack,1269,27087
Hollis,1270,27084
Varela,1271,27044
Madison,1272,27036
Foreman,1273,27034
Gil,1274,27026
Lyon,1275,26997
Fink,1276,26995
Wills,1277,26978
Delatorre,1278,26920
Hastings,1279,26903
Doherty,1280,26897
Renteria,1281,26887
Lockhart,1282,26866
Quiroz,1283,26865
Denton,1284,26745
Olvera,1285,26722
He,1286,26687
Mccray,1287,26678
Manuel,1288,26670
Thao,1289,26668
Rutherford,1290,26667
Sykes,1291,26650
Pierson,1292,26626
Sargent,1293,26620
Hatch,1294,26612
Montano,1295,26592
Dwyer,1296,26585
Burks,1297,26569
Belcher,1298,26554
Pryor,1299,26548
Boggs,1300,26542
Madrid,1301,26510
Gabriel,1302,26489
Tuttle,1303,26486
Baca,1304,26483
Magee,1305,26445
Muller,1306,26426
Jamison,1307,26400
Rahman,1308,26383
Fonseca,1309,26380
Carmona,1310,26379
Mckenna,1311,26305
Dolan,1312,26300
Broussard,1313,26277
Burgos,1314,26230
Louis,1315,26229
Soriano,1316,26178
Covington,1317,26160
Slaughter,1318,26158
Kendrick,1319,26142
Langley,1320,26134
Kenney,1321,26131
Leyva,1322,26104
Madrigal,1323,26085
Cao,1324,26062
Granados,1325,26058
Mcgill,1326,26057
Boyce,1327,26044
Hopper,1328,26014
Head,1329,26001
Dempsey,1330,25900
Sheehan,1331,25895
Quezada,1332,25879
Harden,1333,25878
Mcnamara,1334,25856
Courtney,1335,25782
Puckett,1336,25781
Locke,1337,25742
Ibrahim,1338,25717
Michel,1339,25704
Clemons,1340,25688
Corbin,1341,25683
Burt,1342,25595
Stinson,1342,25595
Webber,1344,25561
Polk,1345,25517
Mcginnis,1346,25512
Cassidy,1347,25508
Romo,1348,25500
Aviles,1349,25475
Rico,1350,25453
Rucker,1351,25451
Herron,1352,25450
Hinojosa,1353,25442
Lott,1354,25441
Shirley,1355,25421
Sterling,1356,25411
Bland,1357,25402
Hamm,1358,25397
Dickinson,1359,25393
Gomes,1359,25393
Rutledge,1361,25388
Downey,1362,25382
Dunbar,1363,25377
Pike,1363,25377
Robison,1365,25371
Whitley,1366,25367
Jacob,1367,25360
Ocampo,1368,25342
Christopher,1369,25312
Elias,1370,25310
Simms,1371,25308
Gamez,1372,25307
Gustafson,1373,25297
Jung,1374,25281
Kirkpatrick,1375,25272
Burris,1376,25269
Nieto,1377,25256
Nicholas,1378,25235
Bingham,1379,25224
Goss,1380,25218
Meier,1381,25215
Pina,1382,25202
Fraser,1383,25192
Bowling,1384,25189
Corbett,1385,25154
Rouse,1386,25128
Rossi,1387,25108
Grady,1388,25079
Couch,1389,25074
Ott,1390,25045
Arevalo,1391,25031
Dewitt,1392,25012
Yanez,1393,24999
Garland,1394,24966
Aragon,1395,24937
Woodruff,1396,24934
Dasilva,1397,24905
Serna,1398,24846
Crabtree,1399,24808
Singer,1400,24788
Jean,1401,24740
Canales,1402,24681
Elmore,1403,24664
Roe,1404,24654
Machado,1405,24651
Stern,1406,24632
Weston,1407,24628
Samuel,1408,24616
Francisco,1409,24614
Shafer,1410,24605
Hutchins,1411,24600
Simons,1412,24590
Abrams,1413,24536
Daley,1414,24507
Smart,1414,24507
Emery,1416,24499
Battle,1417,24481
Vinson,1418,24417
Gleason,1419,24410
Mcclellan,1420,24392
Beatty,1421,24371
Herbert,1422,24361
Schumacher,1423,24358
Givens,1424,24350
Worley,1425,24345
Seymour,1426,24319
Plummer,1427,24308
Thomson,1427,24308
Rosenberg,1429,24305
Ervin,1430,24250
Vela,1431,24228
Hutchison,1432,24214
Albright,1433,24202
Eldridge,1434,24175
Uribe,1435,24173
Blue,1436,24162
Ziegler,1437,24112
Solano,1438,24102
Nix,1439,24093
Swartz,1440,24070
Greenwood,1441,24066
Gregg,1442,24054
Swain,1443,24047
Edmonds,1444,24037
Pagan,1445,24020
Leslie,1446,24015
Schafer,1447,24003
Brandon,1448,23986
Quick,1449,23981
Curran,1450,23943
Reynoso,1450,23943
Gore,1452,23940
Tipton,1453,23933
Griggs,1454,23918
Lowry,1454,23918
Helton,1456,23871
Reece,1457,23834
Yarbrough,1458,23825
Hidalgo,1459,23791
Akers,1460,23773
Bustamante,1461,23741
Groves,1462,23737
Hoskins,1463,23730
Ackerman,1464,23716
Tomlinson,1465,23710
Quintanilla,1466,23700
Fish,1467,23685
Swift,1468,23678
Childress,1469,23642
Mayes,1470,23637
Padgett,1471,23628
Manley,1472,23615
Coffman,1473,23609
Anaya,1474,23605
Angel,1475,23588
Lund,1476,23550
Heller,1477,23521
Schmitz,1478,23516
Kurtz,1479,23509
Mcelroy,1479,23509
Meredith,1481,23456
Burrell,1482,23451
Tolbert,1483,23449
Benavides,1484,23443
Crow,1485,23432
Field,1486,23423
Elkins,1487,23416
Schulz,1488,23413
Prado,1489,23397
Tatum,1490,23395
Mohammed,1491,23378
Draper,1492,23360
Clifton,1493,23350
Funk,1494,23348
Sanderson,1495,23313
Navarrete,1496,23279
Bowden,1497,23246
Stover,1497,23246
Metcalf,1499,23245
Bloom,1500,23202
Gunter,1501,23190
Poe,1502,23182
Aleman,1503,23179
Olivares,1504,23163
Mccauley,1505,23117
Montalvo,1506,23112
Holbrook,1507,23103
Mcghee,1508,23091
Teague,1509,23089
Walden,1510,23046
Crowder,1511,23042
Buckner,1512,23041
Crockett,1513,23014
Mckinley,1513,23014
Whalen,1515,22998
Cabral,1516,22994
Shin,1517,22958
Desai,1518,22954
Blanton,1519,22938
Matos,1520,22885
Tompkins,1521,22884
Devine,1522,22877
Kauffman,1523,22869
Gunn,1524,22857
Driscoll,1525,22852
Chappell,1526,22833
Newsome,1527,22832
Gee,1528,22826
Hollingsworth,1529,22814
Shapiro,1530,22812
Crews,1531,22811
Nance,1532,22809
Clement,1533,22799
Stroud,1534,22794
Steiner,1535,22741
Goldman,1536,22740
Dooley,1537,22735
Kay,1538,22730
Souza,1538,22730
Inman,1540,22714
Coates,1541,22700
Kimball,1542,22663
Amador,1543,22652
Drew,1544,22649
Larkin,1544,22649
Mcmanus,1546,22638
Doan,1547,22632
Conklin,1548,22618
Payton,1549,22613
Pritchard,1550,22612
Amos,1551,22595
Crouch,1552,22587
Ahmad,1553,22586
Dubois,1554,22571
Heard,1555,22548
Masters,1556,22542
Post,1557,22541
Samuels,1558,22517
Maher,1559,22504
Lord,1560,22488
Rainey,1561,22458
Ivey,1562,22405
Phipps,1563,22387
Jewell,1564,22347
Horner,1565,22320
Cuellar,1566,22319
Neely,1567,22316
Feliciano,1568,22312
Egan,1569,22300
Bowles,1570,22282
Pollock,1570,22282
Swenson,1572,22252
Bullard,1573,22249
Rubin,1574,22248
Thurman,1575,22239
Hagen,1576,22194
Pimentel,1577,22193
Swan,1578,22182
Coker,1579,22174
Jeffries,1580,22137
Browne,1581,22128
Goins,1582,22125
Polanco,1583,22121
Brito,1584,22096
Barragan,1585,22090
Marrero,1586,22069
Connelly,1587,22062
Biggs,1588,22057
Feldman,1589,22047
Stratton,1590,22029
Lacy,1591,22007
Wesley,1592,21988
Forrest,1593,21977
Rodriquez,1594,21973
Otto,1595,21938
Gao,1596,21908
Neff,1597,21891
Aldridge,1598,21882
Erwin,1599,21816
Pinto,1600,21810
Betancourt,1601,21800
Hinkle,1602,21791
Godwin,1603,21784
Self,1604,21783
Dickey,1605,21766
Butcher,1606,21742
Oleary,1607,21735
Yeager,1608,21729
Colbert,1609,21720
Gallo,1610,21711
Ornelas,1611,21680
Casillas,1612,21643
Whaley,1613,21613
Colvin,1614,21611
Lai,1614,21611
Winn,1616,21605
Otero,1617,21599
Valdes,1617,21599
Milligan,1619,21548
Purcell,1620,21538
Dunham,1621,21528
Connell,1622,21526
Sprague,1623,21468
Tellez,1624,21449
Ojeda,1625,21443
Grimm,1626,21420
Sheridan,1627,21412
Piper,1628,21405
Mead,1629,21404
Mai,1630,21383
Esposito,1631,21379
Sewell,1632,21368
Norwood,1633,21360
Butts,1634,21337
Boswell,1635,21336
Snell,1636,21329
Huggins,1637,21328
Temple,1638,21324
Davison,1639,21313
Hadley,1640,21312
Ybarra,1641,21303
Thorpe,1642,21301
Steward,1643,21293
Dukes,1644,21291
Blackmon,1645,21281
Alonzo,1646,21256
Meade,1647,21247
Carbajal,1648,21237
Ludwig,1649,21232
Dodge,1650,21224
Silver,1651,21205
Wolff,1652,21203
Galvez,1653,21202
Lujan,1654,21200
Valadez,1655,21166
Engel,1656,21158
Dahl,1657,21156
Redmond,1658,21153
Arrington,1659,21150
Clifford,1659,21150
Billings,1661,21138
Winkler,1662,21114
Cartwright,1663,21099
Jarrett,1663,21099
Bunch,1665,21097
Ames,1666,21085
Koenig,1667,21084
Vickers,1668,21083
Stahl,1669,21078
Lilly,1670,21065
Ohara,1671,21059
Doss,1672,21057
Godinez,1673,21049
Abreu,1674,21032
Goode,1675,21021
Link,1676,21010
Mcdonough,1677,21005
Regan,1678,21004
Healy,1679,20992
Hand,1680,20967
Rosen,1681,20943
Babcock,1682,20932
Bragg,1683,20924
Hammer,1684,20909
Na,1685,20876
Sherwood,1686,20857
Dinh,1687,20854
Kraft,1688,20829
Ramey,1689,20768
Painter,1690,20744
Geiger,1691,20742
Bolden,1692,20739
Peacock,1693,20726
Oliveira,1694,20721
Diamond,1695,20714
Palma,1696,20693
Kilgore,1697,20691
Winston,1697,20691
Escalante,1699,20688
Guo,1700,20672
Grove,1701,20662
Leung,1702,20651
Block,1703,20636
Muhammad,1704,20614
Miner,1705,20585
Sadler,1706,20578
Jorgensen,1707,20571
Lima,1708,20554
Voss,1709,20531
Gary,1710,20528
Thacker,1711,20511
Hoyt,1712,20500
Batista,1713,20478
Begum,1714,20473
Latham,1715,20465
Ash,1716,20463
Mcgraw,1717,20444
Bower,1718,20433
Brantley,1719,20397
Cote,1720,20395
Metzger,1721,20392
Ha,1722,20388
Delossantos,1723,20382
Arreola,1724,20342
Major,1725,20326
Stanford,1726,20320
Spivey,1727,20286
Hager,1728,20274
Lovell,1729,20267
Patino,1730,20245
Sotelo,1731,20244
Beaver,1732,20220
Willard,1733,20179
Stiles,1734,20164
Milton,1735,20138
Zarate,1735,20138
Finn,1737,20121
Cahill,1738,20098
Carlton,1739,20083
Irvin,1739,20083
Gagnon,1741,20069
Platt,1742,20052
Tidwell,1743,20043
Henley,1744,20025
Guidry,1745,20021
Mena,1746,20019
Marroquin,1747,20017
Sepulveda,1748,20005
Dugan,1749,20002
Waddell,1750,20000
Yee,1751,19997
Venegas,1752,19986
Hurt,1753,19980
Raines,1754,19971
Valentin,1755,19963
Maurer,1756,19959
Siegel,1757,19939
Hagan,1758,19932
Coulter,1759,19931
Holliday,1760,19927
Rai,1760,19927
Cornell,1762,19884
Araujo,1763,19837
Tripp,1764,19818
Houser,1765,19816
Kruse,1766,19807
Starks,1767,19797
Timmons,1768,19778
Lanier,1769,19774
Escamilla,1770,19757
Linares,1771,19755
Land,1772,19752
Crump,1773,19736
Ferris,1774,19733
Ordonez,1774,19733
Schaffer,1776,19727
Sheets,1777,19718
Cummins,1778,19717
Argueta,1779,19715
Mcneal,1780,19705
Westbrook,1781,19701
Bassett,1782,19694
Pedersen,1783,19674
Carlisle,1784,19643
Deal,1785,19638
Toledo,1786,19619
Eubanks,1787,19604
Sapp,1788,19589
Cheung,1789,19577
Cullen,1790,19574
Prieto,1791,19560
Gamboa,1792,19553
Posey,1793,19551
Beal,1794,19542
Mcmullen,1795,19534
Paige,1796,19531
Hurd,1797,19527
Fontenot,1798,19523
Hilliard,1799,19517
Stoltzfus,1800,19505
Castle,1801,19501
Root,1801,19501
Mcwilliams,1803,19487
Jain,1804,19471
Kearney,1805,19464
Rendon,1806,19447
Caruso,1807,19441
Oh,1808,19434
Gipson,1809,19433
Ledesma,1810,19428
Coyle,1811,19425
Hackett,1812,19423
Greenberg,1813,19404
Bergeron,1814,19366
Metz,1815,19348
Washburn,1816,19341
Hargrove,1817,19336
Benoit,1818,19331
Street,1819,19330
Troyer,1820,19326
Thomason,1821,19320
Fernandes,1822,19301
Hankins,1823,19293
Murdock,1824,19275
Mcqueen,1825,19265
Roper,1826,19255
Negron,1827,19249
Cornelius,1828,19242
Farr,1829,19233
Olivas,1830,19217
Hannah,1831,19206
Wilhelm,1832,19198
Oliva,1833,19181
Hightower,1834,19177
Fountain,1835,19176
Lo,1836,19169
North,1837,19164
Isaac,1838,19157
Barnard,1839,19152
Christiansen,1840,19147
Sizemore,1841,19137
Lockwood,1842,19127
Hussain,1843,19121
Yi,1844,19112
Trotter,1845,19078
Arce,1846,19065
Saavedra,1847,19063
Stubbs,1848,19050
Smiley,1849,19041
Mccollum,1850,19037
Messer,1851,19034
Urban,1851,19034
Blount,1853,19017
Crocker,1854,19016
Hwang,1855,19009
Vallejo,1856,18999
Dick,1857,18994
Arteaga,1858,18987
Keenan,1859,18965
Carmichael,1860,18958
Mehta,1861,18945
Connors,1862,18918
Epps,1863,18900
Betts,1864,18891
Langston,1865,18883
Penn,1866,18879
Brewster,1867,18855
Duvall,1868,18849
Boucher,1869,18845
Mcneill,1870,18829
Rushing,1871,18817
Rudolph,1872,18807
Lorenzo,1873,18804
Casas,1874,18802
Barnhart,1875,18790
Eddy,1876,18785
Vidal,1877,18771
Mims,1878,18754
Aranda,1879,18739
Gaston,1880,18733
Gifford,1881,18730
Barrientos,1882,18699
Burger,1882,18699
Pritchett,1884,18698
Rock,1885,18692
Dobson,1886,18670
Dong,1887,18669
Gold,1888,18661
Paulson,1889,18659
Melvin,1890,18641
Allred,1891,18639
Barbosa,1892,18634
Alarcon,1893,18631
Keys,1894,18623
Goodrich,1895,18599
Lay,1896,18585
Hinson,1897,18581
Pulido,1898,18572
Cronin,1899,18559
Sheffield,1900,18548
Shipley,1901,18543
Chowdhury,1902,18535
Napier,1902,18535
Wiseman,1904,18529
Layton,1905,18508
Whitman,1905,18508
Koehler,1907,18481
Malik,1908,18478
Tackett,1909,18453
Salcedo,1910,18448
Lopes,1911,18435
Ledbetter,1912,18433
Langford,1913,18430
Toth,1914,18420
Hsu,1915,18414
Medeiros,1916,18407
Weir,1917,18392
Brand,1918,18390
Reeder,1919,18375
Herndon,1920,18373
Yost,1921,18365
Cody,1922,18338
Prater,1923,18336
Roche,1924,18333
Shen,1925,18330
Sheldon,1926,18325
Hyatt,1927,18300
Ricks,1927,18300
Nowak,1929,18297
Pettit,1930,18281
Crespo,1931,18277
Story,1932,18276
Fitch,1933,18247
Darling,1934,18195
Zaragoza,1935,18170
Mast,1936,18168
Spaulding,1937,18164
Jacobsen,1938,18160
Levin,1939,18142
Mccracken,1939,18142
Roland,1941,18139
Lovett,1942,18125
Mcclendon,1943,18124
Diehl,1944,18120
Peoples,1945,18104
Thorne,1946,18097
Mondragon,1947,18092
Queen,1948,18077
Adair,1949,18053
Ogden,1950,18045
Darby,1951,18041
Sylvester,1952,18019
Landis,1953,18001
Bateman,1954,17995
Sands,1955,17989
Trinh,1956,17984
Caudill,1957,17982
Trent,1958,17979
Luu,1959,17974
Lacey,1960,17963
Engle,1961,17961
Banuelos,1962,17951
Chavarria,1963,17946
Espinal,1964,17941
Kraus,1965,17934
Arriaga,1966,17928
Mansfield,1967,17921
Hanley,1968,17920
Stacy,1968,17920
Ernst,1970,17888
Bello,1971,17887
Ferrer,1972,17881
Pack,1973,17869
Almeida,1974,17836
Mchugh,1975,17833
Najera,1976,17798
Chau,1977,17795
Moya,1978,17789
Dietz,1979,17786
Burkett,1980,17785
Toney,1981,17770
Youngblood,1982,17755
Ledford,1983,17751
Overton,1983,17751
Mccain,1985,17744
Richey,1986,17729
Hawley,1987,17716
Zambrano,1988,17711
Pan,1989,17709
Stapleton,1989,17709
Friend,1991,17697
Hathaway,1992,17689
Spicer,1993,17682
Beyer,1994,17673
Sumner,1995,17669
Fong,1996,17667
Haywood,1997,17659
Wilkes,1998,17653
Presley,1999,17640
Montero,2000,17639
Rizzo,2001,17631
Fair,2002,17628
Locklear,2003,17618
Laird,2004,17617
Bledsoe,2005,17610
Christie,2006,17609
Rhoades,2007,17603
Smallwood,2008,17601
Cope,2009,17599
Hoffmann,2009,17599
Abel,2011,17596
Tobin,2012,17588
Dobbs,2013,17572
Gillis,2014,17570
Hutton,2015,17542
Judd,2016,17539
Islam,2017,17534
Bryson,2018,17531
Vogt,2019,17520
Bergman,2020,17517
Mcrae,2021,17483
Putnam,2022,17473
Addison,2023,17465
Cates,2024,17441
Grover,2024,17441
Woody,2026,17436
Flaherty,2027,17426
Waite,2028,17416
Bueno,2029,17395
Mathew,2030,17393
Spangler,2031,17391
Longoria,2032,17383
Landers,2033,17381
Su,2034,17377
Hedrick,2035,17363
Luke,2036,17362
Cornejo,2037,17358
Kimble,2038,17349
Barraza,2039,17333
Dill,2040,17312
Capps,2041,17310
Drummond,2042,17285
Kincaid,2043,17274
Doty,2044,17273
Omalley,2045,17272
Varner,2046,17266
Crenshaw,2047,17257
Triplett,2048,17244
Heredia,2049,17224
Henriquez,2050,17220
Shi,2051,17207
Chow,2052,17205
Covarrubias,2053,17198
Madsen,2054,17190
Hay,2055,17186
Corcoran,2056,17162
Hope,2057,17147
Alcala,2058,17140
Roque,2059,17108
Cavazos,2060,17098
Oakes,2061,17086
Her,2062,17085
Ashby,2063,17084
Crum,2064,17064
Humphries,2065,17059
Dickens,2066,17052
Moreland,2067,17049
Frias,2068,17048
Kiser,2069,17047
Shearer,2070,17031
Fagan,2071,17025
Lackey,2072,17019
Staley,2073,17009
Corley,2074,16977
Mccord,2075,16968
Cavanaugh,2076,16961
Hawk,2077,16951
Keen,2078,16948
Albrecht,2079,16926
Whittaker,2080,16912
Kyle,2081,16906
Cerda,2082,16899
Mohr,2083,16895
Akins,2084,16889
Culver,2085,16876
Champion,2086,16858
Paris,2087,16831
Bauman,2088,16828
Calvert,2089,16821
Waldron,2090,16809
Skaggs,2091,16807
Busch,2092,16802
Neumann,2093,16792
Dumas,2094,16780
Mccormack,2095,16770
Marcus,2096,16763
Mclain,2097,16762
Pelletier,2098,16759
Whittington,2099,16745
Okeefe,2100,16730
Rincon,2101,16729
Bain,2102,16721
Kowalski,2102,16721
Yoon,2104,16719
Yan,2105,16716
Atwood,2106,16708
Delong,2107,16692
Mallory,2108,16690
Blum,2109,16689
Granger,2110,16684
Crain,2111,16683
Munson,2112,16666
Luong,2113,16649
Hanks,2114,16648
Moseley,2115,16633
Schuster,2116,16614
Currie,2117,16609
Burrows,2118,16606
Eason,2119,16603
Aldrich,2120,16600
Vernon,2121,16596
Bernstein,2122,16594
Oakley,2123,16588
Flood,2124,16576
Staples,2125,16569
Tamayo,2126,16559
Barrow,2127,16556
Zimmer,2128,16541
Jeffers,2129,16537
Boykin,2130,16531
Ceja,2131,16529
Francois,2132,16522
Woodson,2132,16522
Shultz,2134,16519
Darnell,2135,16514
Hoff,2135,16514
Mott,2135,16514
Bagley,2138,16512
Acuna,2139,16503
Hobson,2139,16503
Dias,2141,16494
Eckert,2141,16494
Kenny,2143,16474
Ransom,2144,16469
Aponte,2145,16468
Vandyke,2146,16461
Bellamy,2147,16458
Burroughs,2147,16458
Cagle,2149,16454
Read,2150,16452
Prescott,2151,16446
Keene,2152,16443
Tejada,2152,16443
Quigley,2154,16435
Hershberger,2155,16422
Hooks,2156,16401
Jansen,2157,16395
Michaels,2158,16387
Hirsch,2159,16386
Moua,2160,16379
Gerber,2161,16365
Schulte,2162,16361
Feng,2163,16357
Mcgovern,2164,16354
Greco,2165,16346
Grayson,2166,16326
Rooney,2167,16309
Denny,2168,16304
Sneed,2169,16298
Crandall,2170,16289
Haskins,2171,16281
Grossman,2172,16269
Dutton,2173,16262
Dupree,2174,16254
Eastman,2175,16251
Stringer,2176,16244
Schwab,2177,16238
Ulrich,2178,16235
Stallings,2179,16232
Light,2180,16231
Benedict,2181,16229
Whitt,2182,16228
Kohler,2183,16227
Mireles,2183,16227
Brunson,2185,16226
Carrera,2186,16224
Cottrell,2187,16222
Keating,2188,16220
Bustos,2189,16218
Finney,2190,16215
Luo,2191,16214
Ambrose,2192,16202
Crowell,2193,16195
Byler,2194,16191
Nevarez,2195,16184
Ham,2196,16183
Orourke,2197,16179
Duff,2198,16177
Cormier,2199,16174
Adamson,2200,16141
Knutson,2201,16131
Whitlock,2202,16129
Stauffer,2203,16107
Whiting,2204,16104
Coon,2205,16102
Huddleston,2206,16084
Xie,2207,16076
Hostetler,2208,16060
Shaver,2209,16035
Lunsford,2210,16027
Malloy,2211,16024
Stovall,2212,16018
Bartley,2213,16016
Montanez,2214,16015
Calloway,2215,16008
Jaimes,2216,15991
Maguire,2216,15991
Hawthorne,2218,15989
Naylor,2219,15979
Purvis,2220,15975
Gauthier,2221,15970
Keyes,2222,15967
Mcnair,2223,15951
Adame,2224,15949
Adler,2224,15949
Call,2226,15946
Baum,2227,15941
Jin,2228,15932
Pickens,2229,15919
Lincoln,2230,15912
Coe,2231,15911
Dow,2232,15891
Alaniz,2233,15890
Burnette,2234,15862
Ruffin,2235,15856
Fajardo,2236,15830
Comer,2237,15829
Conroy,2238,15823
Huston,2239,15822
Holguin,2240,15820
Doran,2241,15812
Hamlin,2242,15805
Thayer,2243,15779
Altman,2244,15776
Rider,2245,15764
Weller,2246,15748
Nunn,2247,15738
Naranjo,2248,15723
Corral,2249,15721
German,2250,15717
Baer,2251,15713
Dowling,2252,15710
Joiner,2253,15703
Foote,2254,15702
Giron,2254,15702
Rosenthal,2256,15700
Nugent,2257,15695
Pendleton,2258,15691
Parr,2259,15676
Urbina,2260,15674
Barney,2261,15671
Hairston,2262,15663
Mcnally,2263,15658
Henning,2264,15657
Cazares,2265,15648
Abernathy,2266,15633
Balderas,2267,15631
Vergara,2268,15629
Farias,2269,15627
Honeycutt,2270,15626
Ennis,2271,15623
Schrader,2272,15620
Giordano,2273,15616
Clinton,2274,15615
Chadwick,2275,15601
Arnett,2276,15594
Goldsmith,2277,15580
Schreiber,2277,15580
Valdivia,2279,15579
Schilling,2280,15578
London,2281,15576
Ye,2281,15576
Ontiveros,2283,15573
Anguiano,2284,15571
Boudreaux,2285,15562
Gage,2285,15562
Means,2287,15527
Baron,2288,15523
Willoughby,2289,15522
Ladd,2290,15506
Dozier,2291,15501
Schwarz,2292,15497
Espino,2293,15493
Kong,2293,15493
Hooker,2295,15488
Elizondo,2296,15475
Chong,2297,15474
Adam,2298,15473
Perdue,2299,15459
Sousa,2300,15447
Woodall,2301,15442
Dietrich,2302,15435
Marcum,2303,15429
Rader,2304,15423
Dawkins,2305,15422
Cleary,2306,15419
Torrez,2307,15406
Deluca,2308,15405
Trimble,2309,15399
Stoner,2310,15390
Reddy,2311,15378
Earl,2312,15377
Joshi,2313,15373
Ceballos,2314,15364
Brannon,2315,15360
Bynum,2316,15357
Easley,2317,15347
Saldivar,2318,15341
Begay,2319,15329
Rowley,2320,15325
Hayward,2321,15321
Boston,2322,15314
Hare,2323,15310
Seals,2324,15308
Stjohn,2325,15306
Son,2326,15288
Chapa,2327,15270
Saylor,2328,15234
Kinsey,2329,15228
Sams,2330,15216
Reagan,2331,15210
Laughlin,2332,15207
Helm,2333,15201
Pappas,2334,15199
Chatman,2335,15197
Talbot,2335,15197
Royal,2337,15194
Carlos,2338,15191
Jernigan,2339,15186
Coley,2340,15180
Burkhart,2341,15171
Felton,2342,15157
Burnham,2343,15147
Tejeda,2344,15142
Jack,2345,15141
Mccloud,2345,15141
Wray,2347,15139
Titus,2348,15137
Solorzano,2349,15128
Berman,2350,15127
Sorenson,2351,15125
Wetzel,2352,15097
Briones,2353,15092
Lyles,2354,15085
Mattson,2355,15084
Busby,2356,15083
Saleh,2356,15083
Falcon,2358,15078
Mcgregor,2358,15078
Douglass,2360,15066
Mock,2361,15065
Prather,2362,15059
Rao,2363,15053
Coats,2364,15044
Brenner,2365,15042
Faust,2366,15035
Rowell,2367,15026
Jolly,2368,15025
Mateo,2369,15024
Reaves,2370,15020
Cheek,2371,15013
Antonio,2372,15009
Kellogg,2373,15002
Fenton,2374,14999
Driver,2375,14998
Burr,2376,14993
Hutson,2376,14993
Gale,2378,14988
Bruner,2379,14972
Alves,2380,14971
Hogue,2381,14965
Parham,2381,14965
Brunner,2383,14954
Goodson,2384,14951
Shook,2385,14948
Scruggs,2386,14944
Mosher,2387,14932
Watt,2388,14923
Iverson,2389,14900
Tilley,2390,14894
Nickerson,2391,14890
Schaeffer,2391,14890
Anders,2393,14889
Ring,2394,14879
Hinds,2395,14861
Grubbs,2396,14850
Redding,2397,14830
Bartholomew,2398,14811
Craven,2399,14810
Cornett,2400,14807
Cutler,2401,14800
Griffiths,2401,14800
Borden,2403,14797
Burk,2404,14779
Banda,2405,14776
Goddard,2406,14774
Mojica,2406,14774
Beavers,2408,14768
Tong,2409,14765
Monroy,2410,14756
Whitmore,2411,14735
Aaron,2412,14733
Vann,2413,14718
Guillory,2414,14710
Nagy,2415,14706
Hillman,2416,14693
Ruff,2417,14687
Tabor,2418,14680
Mattingly,2419,14672
Robledo,2420,14669
Irizarry,2421,14667
Hauser,2422,14658
Mckinnon,2423,14634
Lind,2424,14609
Wei,2425,14591
Hough,2426,14583
Julian,2427,14572
Leone,2428,14562
Leary,2429,14558
Power,2430,14550
Shipman,2431,14539
Russ,2432,14521
Centeno,2433,14512
Collazo,2434,14511
Monahan,2435,14509
Lombardo,2436,14506
Rea,2437,14490
Merchant,2438,14486
Negrete,2439,14482
Thurston,2439,14482
Tinsley,2441,14443
Beckman,2442,14432
Dent,2443,14430
Kerns,2444,14427
Isaacs,2445,14413
Skelton,2446,14405
Mota,2447,14402
Ireland,2448,14401
Horvath,2449,14389
Pantoja,2450,14387
Gannon,2451,14383
Flint,2452,14382
Dowell,2453,14374
Gurung,2454,14369
Purdy,2455,14349
Sarmiento,2456,14344
Brower,2457,14338
Puente,2458,14336
Jacques,2459,14333
Irving,2460,14329
Baumann,2461,14328
Amin,2462,14315
Ko,2463,14312
Gaytan,2464,14298
Sauer,2465,14294
Stclair,2466,14292
Mares,2467,14291
Kwon,2468,14256
Hummel,2469,14245
Delgadillo,2470,14243
Durbin,2471,14238
Unger,2472,14234
Kahn,2473,14232
Pyle,2474,14226
Waggoner,2475,14202
Dobbins,2476,14197
Hearn,2477,14195
Lentz,2478,14194
Beebe,2479,14184
Sebastian,2480,14178
Lira,2481,14173
Strange,2482,14165
Ruth,2483,14156
Perales,2484,14154
Meehan,2485,14152
Lundy,2486,14148
Lemon,2487,14147
Almonte,2488,14146
Wagoner,2489,14145
Hasan,2490,14144
Garay,2491,14136
Loomis,2492,14134
Fay,2493,14132
Fang,2494,14128
Mulligan,2495,14123
Corey,2496,14106
Salmon,2497,14081
Michaud,2498,14078
Noriega,2499,14076
Way,2500,14074
Bliss,2501,14056
Kearns,2502,14053
Lawler,2503,14051
Wakefield,2504,14049
Fournier,2505,14028
Cloud,2506,14021
Mahan,2507,14013
Echols,2508,14005
Conn,2509,13987
Daigle,2510,13985
Starkey,2511,13983
Laws,2512,13976
Syed,2513,13973
Wilburn,2514,13969
Priest,2515,13964
Bowser,2516,13963
Yoo,2517,13956
Lor,2518,13954
Grubb,2519,13945
Stearns,2520,13938
Deng,2521,13934
Schuler,2522,13933
Fierro,2523,13932
Diggs,2524,13925
Farrar,2524,13925
Ulloa,2526,13923
Randle,2527,13922
Almanza,2528,13920
Dove,2529,13918
Lorenz,2530,13913
Coles,2531,13912
Joy,2532,13910
Zelaya,2533,13901
Coughlin,2534,13898
Gentile,2535,13884
Oswald,2536,13878
Chavis,2537,13876
Tobias,2538,13875
Ryder,2539,13874
Parnell,2540,13860
Stoddard,2541,13856
Worthington,2542,13855
Meek,2543,13843
Devries,2544,13839
Salter,2544,13839
Grey,2546,13822
Mcdonnell,2546,13822
Dennison,2548,13817
Limon,2548,13817
Demarco,2550,13816
Kitchen,2551,13815
Boles,2552,13812
Estrella,2553,13808
Linton,2554,13801
Chester,2555,13798
Dao,2555,13798
Myles,2557,13774
Rudd,2557,13774
Armenta,2559,13764
Vue,2560,13761
Harman,2561,13758
Augustine,2562,13755
Marion,2562,13755
Reardon,2564,13754
Duenas,2565,13753
Resendiz,2566,13750
Angeles,2567,13747
Crook,2568,13742
Newcomb,2569,13736
Knott,2570,13734
Mark,2571,13732
Parish,2571,13732
Yazzie,2573,13728
Roldan,2574,13721
Trinidad,2575,13705
Beam,2576,13696
Pederson,2577,13694
Shelley,2577,13694
Alcantara,2579,13687
Barbour,2580,13686
Chiu,2580,13686
Silverman,2582,13685
Hussein,2583,13676
Donohue,2584,13667
Barger,2585,13658
Handy,2586,13656
Winslow,2587,13648
Clemens,2588,13645
Carnes,2589,13638
Moeller,2590,13633
High,2591,13632
Nagel,2592,13616
Rapp,2593,13612
Chance,2594,13598
Arndt,2595,13597
Callaway,2596,13591
Roark,2596,13591
Gruber,2598,13575
Herrington,2599,13574
Lockett,2600,13559
Ellsworth,2601,13557
Vanhorn,2601,13557
Kelsey,2603,13536
Staton,2604,13535
Barth,2605,13528
Valerio,2606,13525
Mayberry,2607,13521
Mcmahan,2608,13514
Pfeiffer,2609,13503
Gant,2610,13500
Male,2611,13499
Briscoe,2612,13489
Maier,2613,13479
Lombardi,2614,13474
Kilpatrick,2615,13473
Baughman,2616,13471
Humphreys,2617,13462
Trahan,2617,13462
Grier,2619,13460
Weldon,2620,13452
Mackenzie,2621,13446
Mcclelland,2622,13444
Elam,2623,13441
Vick,2624,13437
Soria,2625,13436
Rowan,2626,13418
Caraballo,2627,13407
Estep,2627,13407
Ogle,2629,13405
Abdi,2630,13403
Squires,2631,13398
Weathers,2632,13396
Tirado,2633,13380
Fairchild,2634,13371
Hills,2634,13371
Storey,2636,13360
Kruger,2637,13356
Salvador,2638,13352
Guardado,2639,13350
Lovelace,2640,13343
Heck,2641,13341
Morrissey,2642,13333
Early,2643,13316
Starnes,2644,13312
Mesa,2645,13306
Lofton,2646,13295
Concepcion,2647,13289
Burdick,2648,13285
Berrios,2649,13283
Villasenor,2649,13283
Cai,2651,13276
Creech,2652,13268
Mcnulty,2653,13263
Dykes,2654,13242
Blackman,2655,13241
Tierney,2656,13238
Stump,2657,13235
Deaton,2658,13233
Tam,2659,13232
Caceres,2660,13226
Tavares,2660,13226
Higginbotham,2662,13224
Upton,2662,13224
Ouellette,2664,13222
Alba,2665,13218
Ivy,2665,13218
Kaminski,2667,13215
Forrester,2668,13209
Woo,2669,13207
Yancey,2670,13201
Satterfield,2671,13186
Whitten,2672,13167
Child,2673,13159
Whipple,2674,13156
Renner,2675,13152
Chastain,2676,13146
Jasso,2677,13145
Guajardo,2678,13133
Thibodeaux,2679,13130
Harms,2680,13129
Blank,2681,13127
Harp,2681,13127
Branham,2683,13104
Tharp,2684,13097
Gavin,2685,13096
Dowd,2686,13092
Segovia,2687,13087
Hitchcock,2688,13086
Cheney,2689,13085
Valles,2690,13082
Padron,2691,13079
Askew,2692,13078
Hamby,2693,13072
Rhoads,2694,13069
Paulino,2695,13067
Martins,2696,13063
Brubaker,2697,13055
Coburn,2698,13046
Fabian,2699,13044
Alley,2700,13032
Strauss,2701,13031
Luther,2702,13027
Aparicio,2703,13025
Bourgeois,2704,13021
Brinkley,2705,13014
Pickering,2706,13004
Heaton,2707,13003
Braswell,2708,13002
Lazo,2709,12999
Carreon,2710,12979
Sam,2711,12973
Foss,2712,12965
Seay,2713,12950
Andres,2714,12947
Parrott,2715,12944
Baltazar,2716,12941
Jaime,2717,12934
Linder,2718,12931
Graf,2719,12921
Carrier,2720,12918
Angulo,2721,12916
Regalado,2722,12912
Edmondson,2723,12911
Medley,2723,12911
Bonds,2725,12906
Thai,2726,12899
Chun,2727,12893
Jarrell,2728,12892
Singletary,2729,12875
Robb,2730,12860
Layne,2731,12859
Yuan,2732,12855
Goetz,2733,12840
Leavitt,2734,12836
Templeton,2735,12825
Dowdy,2736,12818
Minton,2736,12818
Pool,2736,12818
Crouse,2739,12816
Manzo,2740,12814
Gilliland,2741,12805
Pruett,2742,12804
Suggs,2743,12796
Newberry,2744,12793
Persaud,2745,12791
Bock,2746,12788
Weinstein,2747,12786
Parson,2748,12768
Lawton,2749,12756
Loyd,2750,12751
Andrew,2751,12747
Ferrara,2752,12746
Mccartney,2753,12745
Herrmann,2754,12741
Hemphill,2755,12736
Keener,2756,12729
Peng,2757,12722
Barkley,2758,12719
Graber,2758,12719
Wahl,2760,12716
Emmons,2761,12714
Zeigler,2761,12714
Weiner,2763,12708
Sherrill,2764,12696
Noonan,2765,12693
Gunderson,2766,12685
Holm,2766,12685
Nesbitt,2768,12684
Rector,2769,12680
Osman,2770,12668
Christy,2771,12667
Redd,2772,12666
Alicea,2773,12663
Croft,2774,12648
Ricketts,2775,12642
Scales,2776,12636
Jose,2777,12633
Wiles,2778,12632
Archuleta,2779,12630
Stockton,2780,12626
Pressley,2781,12622
Borges,2782,12609
Garvin,2783,12603
Hossain,2784,12599
Jameson,2785,12595
Cintron,2786,12594
Westfall,2787,12591
Bales,2788,12590
Hacker,2789,12586
Stamper,2790,12577
Garibay,2791,12573
Asher,2792,12567
Slack,2792,12567
Aguayo,2794,12564
Condon,2795,12559
Rees,2795,12559
Cardoza,2797,12552
Braden,2798,12547
Breen,2799,12537
Martino,2800,12526
Solorio,2801,12521
Myrick,2802,12506
Rinehart,2803,12502
Dubose,2804,12501
Fan,2805,12500
Traylor,2806,12490
Fuchs,2807,12482
Santamaria,2808,12479
Jeter,2809,12467
Man,2810,12463
Vitale,2810,12463
Darden,2812,12459
Diallo,2813,12454
Salisbury,2814,12445
Nobles,2815,12443
Culp,2816,12442
Felder,2817,12433
Marlow,2817,12433
Pringle,2819,12432
Devlin,2820,12430
Spear,2821,12422
Bouchard,2822,12419
Santillan,2823,12416
Babb,2824,12414
Denney,2825,12395
Oldham,2826,12394
Pascual,2827,12391
Graff,2828,12390
Markham,2828,12390
Reich,2828,12390
Muse,2831,12381
Bolin,2832,12377
Witherspoon,2833,12374
Cepeda,2834,12370
Hook,2835,12366
Lyle,2836,12364
Lusk,2837,12361
Benavidez,2838,12357
Ely,2839,12347
Reis,2840,12346
Chisholm,2841,12345
Eller,2842,12344
Stock,2843,12343
Schofield,2844,12340
Bearden,2845,12338
Tubbs,2845,12338
Burkholder,2847,12336
Epperson,2847,12336
Willett,2849,12329
Godoy,2850,12322
Shank,2851,12319
Zeng,2852,12313
Burden,2853,12308
Hein,2854,12306
Coy,2855,12304
Damico,2856,12302
Thrasher,2857,12301
Gaffney,2858,12296
Mabry,2859,12294
Hammonds,2860,12291
Schell,2861,12290
Lytle,2862,12287
Munguia,2863,12286
Radford,2863,12286
Breaux,2865,12278
Kenyon,2866,12274
Gillette,2867,12261
Slade,2868,12257
Lance,2869,12256
Jaeger,2870,12252
Willey,2871,12241
Parris,2872,12235
Steen,2873,12234
Lipscomb,2874,12218
Epstein,2875,12212
Tsai,2876,12211
Burleson,2877,12207
Guinn,2878,12202
Matias,2879,12194
Main,2880,12189
Wendt,2881,12174
Looney,2882,12170
Durant,2883,12160
Garber,2883,12160
Lassiter,2885,12158
Messina,2886,12156
Bertrand,2887,12154
Domingo,2888,12152
Nunes,2889,12149
Loera,2890,12143
Girard,2891,12133
Low,2892,12132
Pedraza,2893,12128
Shell,2894,12127
Trammell,2895,12125
Moe,2896,12124
Alcantar,2897,12122
Huntley,2898,12121
Belanger,2899,12105
Robert,2899,12105
Jauregui,2901,12100
Lerma,2902,12094
Fu,2903,12092
Danielson,2904,12090
Donald,2905,12088
Willingham,2906,12085
Carrington,2907,12082
Mcarthur,2907,12082
Gilchrist,2909,12077
Estevez,2910,12076
Gann,2911,12074
Rodas,2911,12074
Oreilly,2913,12063
Mixon,2914,12062
Crawley,2915,12053
Millard,2916,12047
Vicente,2917,12041
Will,2918,12037
Wheatley,2919,12036
Trout,2920,12034
Crisp,2921,12029
East,2922,12028
Cheatham,2923,12024
Leggett,2923,12024
Van,2925,12022
Barfield,2926,12020
Seaman,2926,12020
Scherer,2928,12017
Baugh,2929,12013
Farnsworth,2930,12012
Loya,2930,12012
Mccurdy,2932,12005
Nolasco,2933,12001
Linn,2934,11997
Cooney,2935,11995
Beaty,2936,11983
Ragland,2937,11980
Millan,2938,11979
Foy,2939,11976
Orlando,2939,11976
Osullivan,2941,11971
Clancy,2942,11969
Longo,2943,11964
Samson,2944,11963
Snodgrass,2945,11960
Delvalle,2946,11956
Wing,2947,11951
Alfonso,2948,11947
Soares,2948,11947
Tolentino,2950,11945
Amato,2951,11942
Smalls,2952,11938
Lomeli,2953,11925
Caron,2954,11919
Nye,2955,11915
Casper,2956,11906
Pease,2956,11906
Steinberg,2958,11904
Haddad,2959,11900
Duggan,2960,11899
Armendariz,2961,11895
Redman,2962,11890
William,2962,11890
Wisniewski,2964,11873
Ragsdale,2965,11861
Seitz,2966,11859
Das,2967,11852
Preciado,2968,11847
Swann,2969,11840
Spann,2970,11837
Urena,2970,11837
Rockwell,2972,11824
Houck,2973,11823
Brinson,2974,11822
Herr,2974,11822
Aiken,2976,11821
Bach,2976,11821
Stoll,2976,11821
Mcafee,2979,11820
Montiel,2980,11818
Ashton,2981,11812
Foust,2982,11808
Matlock,2982,11808
Shockley,2984,11801
Oglesby,2985,11800
Ferraro,2986,11797
Churchill,2987,11791
Bachman,2988,11789
Geary,2989,11784
Scarborough,2990,11781
Matson,2991,11777
Ebert,2992,11776
Champagne,2993,11764
Shrestha,2993,11764
Perdomo,2995,11757
Dyson,2996,11754
Braxton,2997,11749
Kimbrough,2998,11737
Mace,2998,11737
Adcock,3000,11729
Schubert,3000,11729
Easter,3002,11707
Denson,3003,11705
Rust,3004,11702
Moulton,3005,11687
Merino,3006,11685
Clevenger,3007,11682
Shelby,3008,11673
Valladares,3009,11667
Altamirano,3010,11666
Haro,3010,11666
Razo,3010,11666
Barone,3013,11660
Christianson,3013,11660
Quinonez,3013,11660
Beauchamp,3016,11653
Deguzman,3017,11650
Lantz,3018,11647
Baggett,3019,11640
Hopson,3020,11637
Porras,3021,11636
Jett,3022,11630
Carvalho,3023,11628
Nadeau,3024,11622
Dewey,3025,11620
Nielson,3026,11615
Curley,3027,11610
Ralston,3028,11581
Killian,3029,11577
Cornwell,3030,11574
Bolanos,3031,11570
Galvin,3032,11565
Pichardo,3032,11565
Beckwith,3034,11562
Birch,3035,11555
Slone,3036,11550
Menendez,3037,11548
Cecil,3038,11545
Hamrick,3039,11535
Duckworth,3040,11527
Landrum,3041,11526
Broughton,3042,11525
Waterman,3043,11523
Mccrary,3044,11522
Israel,3045,11514
Bollinger,3046,11513
Riggins,3046,11513
Marx,3048,11512
Paxton,3048,11512
Spurlock,3050,11508
Herrick,3051,11507
Villatoro,3052,11494
Milner,3053,11493
Lemons,3054,11492
Fortune,3055,11480
Stuckey,3056,11476
Greenfield,3057,11457
Brink,3058,11444
Patten,3059,11442
Alam,3060,11441
Still,3061,11436
Beverly,3062,11435
Omar,3062,11435
Sisk,3064,11428
Littlejohn,3065,11426
Amaro,3066,11424
Mize,3066,11424
Overstreet,3068,11421
Fontaine,3069,11416
Turpin,3069,11416
Beckett,3071,11411
Pence,3072,11408
Siddiqui,3073,11405
Jacobo,3074,11399
Shanks,3075,11395
Vieira,3076,11394
Lyman,3077,11387
Cotter,3078,11381
Gaspar,3078,11381
Sommers,3078,11381
Harley,3081,11376
Bundy,3082,11372
Tomlin,3082,11372
Brumfield,3084,11368
Fallon,3085,11367
Bethea,3086,11366
Infante,3087,11364
Schrock,3088,11362
Ridley,3089,11357
Masterson,3090,11356
New,3091,11354
Hite,3092,11346
France,3093,11343
Victor,3094,11340
Rawls,3095,11333
Fraley,3096,11332
Du,3097,11331
Applegate,3098,11327
Cyr,3098,11327
Menard,3100,11323
Fine,3101,11321
Cadena,3102,11305
Carlin,3103,11301
Forte,3104,11298
Arenas,3105,11297
Frantz,3106,11296
Streeter,3107,11293
Wylie,3108,11289
Gardiner,3109,11288
Bigelow,3110,11283
Cason,3111,11281
Edgar,3112,11278
Rains,3113,11275
Rivero,3113,11275
Cardwell,3115,11274
Scanlon,3116,11271
Dockery,3117,11270
Dangelo,3118,11263
Tolliver,3118,11263
Milam,3120,11258
Blakely,3121,11257
Mcmillian,3122,11256
Bowie,3123,11239
Forsythe,3123,11239
Muir,3123,11239
Harlow,3126,11238
Maciel,3127,11235
Neville,3128,11230
Cardoso,3129,11227
Bair,3130,11226
Liao,3131,11224
Ramon,3131,11224
Zook,3133,11222
Monk,3134,11209
Cowart,3135,11207
Barclay,3136,11206
Hatton,3137,11204
Speer,3138,11201
Butterfield,3139,11200
Kolb,3140,11199
Alanis,3141,11195
Edge,3142,11194
Lankford,3143,11187
Reedy,3144,11181
Brothers,3145,11174
Irby,3146,11173
Freitas,3147,11166
Harkins,3147,11166
Viera,3147,11166
Bronson,3150,11164
Forman,3151,11163
Sommer,3151,11163
Boland,3153,11161
Steffen,3154,11156
Larios,3155,11155
Moffett,3156,11150
Havens,3157,11148
Tavarez,3158,11145
Ruvalcaba,3159,11144
Falk,3160,11143
Ricci,3161,11142
Whelan,3162,11139
Selby,3163,11138
Baumgartner,3164,11129
Benner,3165,11126
Abdullah,3166,11125
Gilman,3166,11125
Doughty,3168,11124
Miguel,3169,11122
Larue,3170,11116
Hannon,3171,11113
Lamar,3171,11113
Corrigan,3173,11107
Hudgins,3173,11107
Mchenry,3175,11099
Stack,3176,11098
Wharton,3177,11091
Reinhardt,3178,11087
Talbert,3179,11081
Lauer,3180,11078
Mortensen,3181,11076
Lewandowski,3182,11068
Chao,3183,11067
Coyne,3183,11067
Ahn,3185,11057
Garvey,3185,11057
Newby,3187,11056
Alcaraz,3188,11055
Franz,3189,11053
Christman,3190,11051
Spain,3191,11050
Narvaez,3192,11042
Bull,3193,11036
Herzog,3194,11033
Wenzel,3194,11033
Mcadams,3196,11031
Canfield,3197,11030
Sauceda,3198,11023
Troutman,3199,11019
Mello,3200,11016
Perea,3201,11009
Corrales,3202,11006
Watters,3203,10989
Qualls,3204,10985
Pulliam,3205,10980
Taveras,3206,10977
Janssen,3207,10974
Withers,3208,10973
Wallis,3209,10969
Rupp,3210,10959
Royer,3211,10957
Bruns,3212,10955
Cary,3212,10955
Mcalister,3214,10954
Delagarza,3215,10949
Switzer,3216,10948
Nino,3217,10939
Hartmann,3218,10936
Schmid,3219,10932
Waugh,3220,10930
Gooden,3221,10926
Morrell,3222,10920
Whatley,3223,10919
Brownlee,3224,10915
Grigsby,3225,10914
Sample,3226,10911
Kopp,3227,10910
Sage,3228,10905
Botello,3229,10900
Brice,3230,10893
Olivo,3231,10892
Parent,3232,10888
Ponder,3233,10885
Dorman,3234,10884
Yao,3235,10882
Sifuentes,3236,10880
Lindquist,3237,10874
Perrin,3237,10874
Murrell,3239,10871
Pardo,3240,10867
Pemberton,3241,10866
Warden,3241,10866
Gooch,3243,10864
Billingsley,3244,10861
Halverson,3245,10860
Keeler,3245,10860
Pino,3245,10860
Paez,3248,10853
Simpkins,3248,10853
Gracia,3250,10848
Nettles,3251,10842
Grissom,3252,10837
Burdette,3253,10835
Harwood,3254,10830
Montenegro,3255,10827
Whiteside,3255,10827
Causey,3257,10826
Paulsen,3258,10822
Shipp,3259,10812
Houghton,3260,10810
Levesque,3261,10808
Faulk,3262,10806
Smalley,3263,10802
Toro,3264,10801
Pedroza,3265,10800
Ellington,3266,10791
Vuong,3266,10791
Holton,3268,10790
Roush,3269,10784
Sales,3270,10773
Haggerty,3271,10765
Glick,3272,10764
Poindexter,3273,10762
Grogan,3274,10761
Gossett,3275,10758
Stanfield,3276,10755
Ayres,3277,10754
Shackelford,3278,10743
Krebs,3279,10742
Clary,3280,10741
Gresham,3281,10740
Devore,3282,10739
Keck,3283,10738
Llamas,3283,10738
Apodaca,3285,10736
Mullin,3286,10732
Nair,3287,10731
Wren,3288,10727
Galarza,3289,10726
Castellano,3290,10724
Needham,3291,10723
Newsom,3292,10715
Hyman,3293,10708
Quach,3294,10702
Ruelas,3294,10702
Wenger,3294,10702
Otoole,3297,10701
Lenz,3298,10693
Tu,3298,10693
Wyman,3300,10692
Cota,3301,10691
Vest,3302,10690
Fennell,3303,10687
Keane,3304,10685
Tello,3305,10678
Hildebrand,3306,10675
Leahy,3306,10675
Mendiola,3306,10675
Seeley,3309,10672
Zamudio,3309,10672
Barba,3311,10670
Byrnes,3312,10661
Gingerich,3313,10658
Mcneely,3314,10657
Morley,3315,10656
Shuler,3316,10650
Lively,3317,10645
Villagomez,3318,10644
Pepper,3319,10643
Blalock,3320,10640
Choate,3320,10640
Pak,3320,10640
Ezell,3323,10617
Branson,3324,10616
Wilde,3325,10612
Noe,3326,10611
Snowden,3326,10611
Allan,3328,10607
Carrion,3329,10602
Wellman,3330,10596
Martell,3331,10592
Brockman,3332,10589
Younger,3333,10588
South,3334,10580
Melo,3335,10576
Colby,3336,10566
Ref,3337,10563
Fultz,3338,10557
Carl,3339,10555
Daily,3339,10555
Fortner,3341,10544
Camarena,3342,10540
Breeden,3343,10523
Iglesias,3344,10519
Mccloskey,3345,10518
Dees,3346,10509
Chou,3347,10502
Eng,3348,10499
Briseno,3349,10495
Ong,3350,10488
Bostic,3351,10465
Grooms,3352,10454
Hammons,3352,10454
Beers,3354,10453
Wheat,3355,10451
Clawson,3356,10447
Harlan,3357,10446
Agee,3358,10445
Boehm,3359,10435
Landeros,3360,10431
Drury,3361,10427
Dunaway,3362,10420
Kiefer,3362,10420
Camarillo,3364,10408
Malcolm,3364,10408
Oshea,3366,10404
Antoine,3367,10401
Elrod,3368,10400
Mancini,3369,10399
Mclemore,3370,10397
Barbee,3371,10396
Sisson,3372,10387
Somers,3373,10381
Keefe,3374,10378
Parry,3375,10373
Tom,3376,10364
Boyles,3377,10361
Plunkett,3378,10358
Cedillo,3379,10351
Lebron,3380,10348
Flannery,3381,10346
Montague,3381,10346
Bunn,3383,10339
Conde,3384,10326
Terrazas,3384,10326
Palumbo,3386,10323
Xiao,3387,10322
Florez,3388,10320
Fanning,3389,10318
Prasad,3390,10316
Nolen,3391,10314
Bayer,3392,10305
Jay,3393,10302
Newkirk,3394,10301
Beaulieu,3395,10296
Wolford,3395,10296
Phelan,3397,10291
Mendes,3398,10283
Carman,3399,10282
Judge,3399,10282
Winchester,3401,10281
Salcido,3402,10280
Kitchens,3403,10278
Seibert,3403,10278
Skidmore,3405,10271
Lennon,3406,10267
Peek,3407,10264
Worrell,3408,10252
Zielinski,3408,10252
Cha,3410,10248
Turley,3411,10245
Mcintire,3412,10241
Monson,3413,10231
Bontrager,3414,10217
Hardwick,3415,10215
To,3416,10211
Oates,3417,10208
Stowe,3417,10208
Reiter,3419,10203
Massie,3420,10201
Gulley,3421,10200
Laney,3421,10200
Crooks,3423,10198
Ness,3424,10195
Deluna,3425,10190
Kuntz,3426,10188
Krieger,3427,10182
Finnegan,3428,10180
Ambriz,3429,10179
Gatlin,3430,10177
Marte,3431,10176
Olguin,3431,10176
Dunning,3433,10171
Dial,3434,10169
Barreto,3435,10166
Robins,3436,10164
Custer,3437,10159
Hamel,3438,10157
Bone,3439,10156
Danner,3440,10148
Marr,3441,10142
Guan,3442,10141
Healey,3443,10138
Pauley,3444,10134
Echevarria,3445,10128
Joe,3445,10128
Kroll,3447,10116
Morey,3448,10115
Cosby,3449,10111
March,3450,10104
Garnett,3451,10103
Jeffrey,3451,10103
Correia,3453,10102
Nagle,3454,10101
Crider,3455,10098
Vail,3456,10096
Ingle,3457,10087
Koontz,3458,10084
Grantham,3459,10083
Mendenhall,3460,10080
Andrus,3461,10078
Broderick,3461,10078
Dupont,3463,10070
Strand,3464,10065
Paniagua,3465,10052
Logsdon,3466,10044
Ling,3467,10043
Leigh,3468,10042
Ballesteros,3469,10033
Gaither,3470,10027
Waldrop,3470,10027
Fugate,3472,10026
Mccallum,3472,10026
Hanlon,3474,10022
Hiatt,3474,10022
Sell,3476,10014
Last,3477,10013
Lei,3478,10011
Wayne,3479,10010
Christenson,3480,10007
Melgar,3480,10007
Brackett,3482,10005
Stutzman,3483,10000
Medlin,3484,9992
Hardesty,3485,9988
Snead,3486,9985
Barahona,3487,9984
Jang,3487,9984
Heim,3489,9983
Caro,3490,9977
Stepp,3491,9971
Ahrens,3492,9970
Lemke,3493,9969
Noll,3493,9969
Mayorga,3495,9962
Luciano,3496,9955
Comstock,3497,9949
Peyton,3498,9947
Farrow,3499,9941
Crist,3500,9933
Currier,3501,9931
Anglin,3502,9928
Javier,3503,9925
Westmoreland,3504,9922
Libby,3505,9917
Maxey,3506,9916
Maples,3507,9912
Smyth,3507,9912
Quinlan,3509,9910
Kinder,3510,9909
Charlton,3511,9907
Seifert,3512,9904
Martens,3513,9903
Hodgson,3514,9902
Horan,3514,9902
Kohn,3514,9902
Severson,3517,9898
Storm,3518,9897
Ratcliff,3519,9896
Motley,3520,9887
Steed,3520,9887
Mcmillen,3522,9885
Griswold,3523,9883
Rana,3524,9881
Searcy,3525,9870
Fogle,3526,9869
Behrens,3527,9867
Rojo,3528,9866
Moffitt,3529,9864
Acker,3530,9861
Carvajal,3531,9859
Cedeno,3531,9859
Higgs,3531,9859
Moreira,3534,9857
Menjivar,3535,9849
Aldana,3536,9846
Turk,3537,9845
Pullen,3538,9840
Culpepper,3539,9839
Pfeifer,3540,9838
Kemper,3541,9833
Wirth,3542,9831
Collado,3543,9827
Sandhu,3543,9827
Faber,3545,9825
Brinkman,3546,9816
Bagwell,3547,9813
Delrio,3548,9810
Ragan,3548,9810
Isom,3550,9807
Ledezma,3551,9805
Windham,3551,9805
Boudreau,3553,9801
Leger,3554,9793
Easton,3555,9792
Dorn,3556,9791
Serrato,3557,9788
Colwell,3558,9779
Lindley,3559,9777
Ocasio,3560,9774
Tice,3561,9766
Lafferty,3562,9762
Kunz,3563,9761
Maya,3563,9761
Earley,3565,9756
Koehn,3566,9751
Moriarty,3567,9750
Weems,3567,9750
Liles,3569,9749
Meador,3570,9747
Hollins,3571,9743
Rand,3572,9738
Yin,3572,9738
Tisdale,3574,9737
Tafoya,3575,9732
Goncalves,3576,9726
Poston,3576,9726
Mei,3578,9725
Glaser,3579,9721
Horst,3580,9709
Etheridge,3581,9707
Sikes,3582,9706
Culbertson,3583,9703
Mattox,3584,9701
Manzano,3585,9696
Everhart,3586,9692
Chapin,3587,9690
Doll,3587,9690
Gandy,3587,9690
Conti,3590,9688
Mcfarlane,3591,9680
Venable,3591,9680
Sager,3593,9676
Wicker,3594,9668
Niles,3595,9667
Ferry,3596,9655
Skipper,3597,9649
Betz,3598,9646
Brant,3598,9646
Majors,3600,9639
Ashcraft,3601,9635
Eggleston,3602,9630
Barksdale,3603,9629
Marvin,3604,9627
Seward,3605,9624
Kozlowski,3606,9622
Echeverria,3607,9617
Ashworth,3608,9616
Littleton,3608,9616
Carbone,3610,9615
Coombs,3611,9612
Agnew,3612,9607
Mcduffie,3613,9601
Teixeira,3614,9600
Schweitzer,3615,9596
Box,3616,9592
Burge,3616,9592
No,3618,9579
Groff,3619,9576
Olmos,3620,9575
Gaskins,3621,9570
Free,3622,9563
Olivarez,3623,9559
Mackay,3624,9558
Wadsworth,3625,9557
Hawes,3626,9553
Curiel,3627,9548
Starling,3628,9541
Bills,3629,9540
Kelleher,3630,9539
Kasper,3631,9538
Colburn,3632,9530
Lindberg,3632,9530
Camargo,3634,9528
Johansen,3635,9524
Badillo,3636,9521
Shore,3637,9520
Haag,3638,9519
Tuck,3639,9517
Yun,3640,9513
Alderman,3641,9506
Layman,3641,9506
Keegan,3643,9505
Hubert,3644,9500
Lanham,3644,9500
Aceves,3646,9497
Clemente,3647,9495
Blaylock,3648,9494
Khalil,3649,9492
Parkinson,3650,9490
Jeanbaptiste,3651,9481
Mcmurray,3652,9479
Minter,3653,9477
Beckham,3654,9475
Musser,3655,9474
Chamberlin,3656,9473
Sowers,3657,9465
Partridge,3658,9459
Thiel,3659,9453
Mears,3660,9452
Montez,3661,9451
Thatcher,3662,9450
Sanborn,3663,9447
Guenther,3664,9439
Weis,3665,9435
Caputo,3666,9433
Mcnabb,3667,9430
Stine,3668,9429
Lafleur,3669,9426
Penny,3670,9425
Neil,3671,9424
Jeffery,3672,9422
Horowitz,3673,9421
Wynne,3674,9410
Dehart,3675,9409
Quarles,3676,9408
Abney,3677,9406
Lozada,3678,9405
Sanabria,3679,9401
Zeller,3680,9395
Casanova,3681,9393
Mangum,3682,9391
Delrosario,3683,9389
An,3684,9387
Luis,3685,9382
Schott,3685,9382
Baptiste,3687,9375
Cone,3688,9366
Colson,3689,9365
Lindstrom,3690,9361
Arana,3691,9351
Dexter,3691,9351
Huey,3693,9349
Allard,3694,9344
Fisk,3694,9344
Edmond,3696,9342
Mcclanahan,3697,9337
Deutsch,3698,9335
Stephen,3699,9333
Bohannon,3700,9330
Calvillo,3701,9329
Murry,3702,9328
Kirchner,3703,9326
Upchurch,3703,9326
Whitworth,3705,9323
Keeton,3706,9320
Nicolas,3707,9318
Andre,3708,9317
Jurado,3708,9317
Broome,3710,9316
Kimmel,3710,9316
Albers,3712,9312
Mccune,3712,9312
Gilley,3714,9305
Glynn,3715,9304
Card,3716,9300
Latimer,3717,9297
Weinberg,3718,9294
Paquette,3719,9293
Stpierre,3720,9289
Karr,3721,9284
Kuykendall,3722,9282
Thorn,3722,9282
Findley,3724,9280
Palomino,3725,9275
Stacey,3726,9266
Lomax,3727,9264
Irvine,3728,9263
Schindler,3728,9263
Straub,3730,9262
Witte,3731,9261
Abarca,3732,9259
Janes,3733,9257
Fiore,3734,9253
Feeney,3735,9252
Binder,3736,9251
Sutter,3737,9250
Bahena,3738,9240
Dix,3738,9240
Legg,3738,9240
Peter,3738,9240
Heckman,3742,9236
Isbell,3743,9234
Desantis,3744,9233
Reichert,3744,9233
Reddick,3746,9232
Rawlings,3747,9230
Truitt,3748,9221
Jolley,3749,9217
Ta,3749,9217
Artis,3751,9215
Jasper,3752,9214
Vines,3753,9213
Albertson,3754,9211
Caswell,3754,9211
Noyes,3756,9209
Bourne,3757,9206
Mcgrew,3758,9202
Harter,3759,9199
Guest,3760,9197
Seaton,3761,9196
Lavoie,3762,9195
Loveless,3763,9190
Verma,3764,9188
Knoll,3765,9186
Valdovinos,3766,9183
Fairbanks,3767,9182
Ashford,3768,9181
Mccarter,3769,9177
Cohn,3770,9175
Batchelor,3771,9171
Keefer,3772,9169
Bohn,3773,9168
Ding,3774,9167
Dover,3775,9164
Counts,3776,9159
Handley,3777,9158
Luce,3777,9158
Haller,3779,9157
Renfro,3779,9157
Bess,3781,9156
Lucio,3782,9155
Rosenbaum,3782,9155
Chaffin,3784,9153
Haskell,3785,9148
Tarver,3785,9148
Agarwal,3787,9147
Higdon,3788,9145
Mundy,3788,9145
Homan,3790,9144
Rueda,3790,9144
Parikh,3792,9140
Wicks,3793,9138
Harder,3794,9137
Hedges,3794,9137
Mancuso,3796,9135
Kunkel,3797,9134
Gandhi,3798,9128
Cable,3799,9124
Dossantos,3800,9120
Knudsen,3801,9117
Gagne,3802,9109
Packard,3803,9105
Etienne,3804,9102
Broyles,3805,9101
Amaral,3806,9093
Gu,3807,9087
Jerome,3808,9086
Taggart,3809,9085
Headley,3810,9081
Chiang,3811,9080
Tinoco,3811,9080
Alvarenga,3813,9077
Sevilla,3814,9072
Roby,3815,9070
Mauldin,3816,9067
Thigpen,3816,9067
Shay,3818,9066
Hallman,3819,9065
Leiva,3820,9055
Hennessy,3821,9053
Olivera,3822,9052
Saxton,3822,9052
Fung,3824,9050
Ostrander,3825,9048
Cartagena,3826,9046
Kamara,3827,9045
Curtin,3828,9044
Canada,3829,9036
Hardman,3829,9036
Sung,3831,9033
Shaikh,3832,9032
Freed,3833,9029
Hofmann,3834,9026
Calvin,3835,9020
Mosqueda,3835,9020
Timm,3837,9016
Galicia,3838,9013
Zhong,3839,9009
Brandenburg,3840,9003
Resendez,3840,9003
Soliz,3842,9001
Perryman,3843,8997
Tyree,3843,8997
Bear,3845,8994
Evangelista,3846,8993
Littlefield,3847,8991
Bivens,3848,8985
Cosgrove,3849,8983
Willson,3850,8978
Rafferty,3851,8971
Mahon,3852,8969
Mcclung,3852,8969
Close,3854,8968
Mariano,3854,8968
Duval,3856,8967
Deloach,3857,8966
Loza,3858,8964
Camara,3859,8957
Holtz,3860,8954
Moreau,3860,8954
Ripley,3862,8953
Shull,3863,8947
Fahey,3864,8946
Staggs,3865,8944
Gable,3866,8942
Erb,3867,8939
Poirier,3868,8929
Evers,3869,8928
Lumpkin,3870,8925
Desouza,3871,8922
Bernier,3872,8921
Swisher,3872,8921
Fulmer,3874,8920
Bader,3875,8919
Hackney,3876,8902
Haugen,3877,8899
Sibley,3877,8899
Mishra,3879,8891
Scroggins,3880,8889
Aziz,3881,8888
Qureshi,3882,8887
Proffitt,3883,8885
Noland,3884,8884
Clough,3885,8881
Toscano,3885,8881
Davey,3887,8879
Maas,3887,8879
Demers,3889,8870
Buss,3890,8864
Jonas,3890,8864
Jacoby,3892,8862
Scholl,3892,8862
See,3894,8860
Toler,3895,8857
Cockrell,3896,8856
Stull,3897,8852
Mcwhorter,3898,8849
Sowell,3899,8848
Swafford,3900,8847
Reno,3901,8843
Kohl,3902,8836
Salem,3902,8836
Bolen,3904,8828
Slocum,3904,8828
Augustin,3906,8815
Bittner,3907,8814
Hussey,3908,8812
Catalano,3909,8811
Glasgow,3909,8811
Frick,3911,8806
Gerard,3911,8806
Sturm,3913,8804
Luttrell,3914,8802
Gaona,3915,8797
Bowens,3916,8796
Reinhart,3917,8793
Mccombs,3918,8792
Maki,3919,8791
Trapp,3920,8789
Moncada,3921,8788
Woodworth,3922,8787
Barboza,3923,8786
Smoot,3924,8782
Wiese,3925,8780
Furman,3926,8778
Ruggiero,3927,8777
Blocker,3928,8771
Whitson,3929,8766
Wilbur,3929,8766
Vaught,3931,8765
Mayhew,3932,8761
Redden,3932,8761
Ismail,3934,8759
Duque,3935,8758
Wilks,3936,8757
Hulsey,3937,8752
Ruby,3938,8747
Kovacs,3939,8746
Hanes,3940,8745
Dunne,3941,8742
Meraz,3941,8742
Ren,3943,8740
Neeley,3944,8738
Dube,3945,8737
Seal,3946,8734
Mcnutt,3947,8732
Hoy,3948,8729
Hoyle,3949,8727
Fitzsimmons,3950,8726
Varghese,3951,8724
Salerno,3952,8723
Kidwell,3953,8720
Kirsch,3954,8714
Reimer,3955,8709
Gantt,3956,8707
Palacio,3957,8703
Nunley,3958,8692
Islas,3959,8686
Lapp,3960,8685
Runyon,3961,8683
Lapointe,3962,8678
Bedford,3963,8676
Harry,3964,8673
Borders,3965,8672
Mull,3966,8670
Simonson,3967,8669
Hawks,3968,8668
Sturgeon,3969,8665
Bratton,3970,8664
Galbraith,3970,8664
Ainsworth,3972,8662
Strom,3972,8662
Keaton,3974,8660
Garrido,3975,8659
Grice,3975,8659
Dallas,3977,8653
Mccutcheon,3977,8653
Worden,3977,8653
Ibanez,3980,8651
Rickard,3981,8650
Beattie,3982,8647
Durand,3982,8647
Madera,3984,8640
Wheaton,3985,8636
Bobo,3986,8634
Lehmann,3986,8634
Derrick,3988,8633
Taft,3989,8632
Canady,3990,8631
Merrell,3990,8631
Lawless,3992,8628
Forster,3993,8627
Aguiar,3994,8626
Jara,3994,8626
Pond,3996,8625
Coble,3997,8623
Neill,3997,8623
Neuman,3999,8620
Parada,4000,8619
Florence,4001,8618
Tenorio,4002,8617
Popp,4003,8615
Crutchfield,4004,8614
Morel,4004,8614
Uddin,4006,8610
Showalter,4007,8603
Tennant,4008,8601
Keeney,4009,8599
Packer,4010,8597
Cordell,4011,8592
Sweat,4012,8591
Burney,4013,8588
Buford,4014,8587
Deanda,4014,8587
Biddle,4016,8580
Burnside,4016,8580
Barnhill,4018,8577
Gaddis,4019,8573
Strain,4020,8567
Boothe,4021,8565
Eads,4022,8558
Scully,4023,8556
Valverde,4023,8556
Laster,4025,8553
Aiello,4026,8552
Yeung,4026,8552
Beall,4028,8550
Hoppe,4028,8550
Dugger,4030,8547
Farrington,4030,8547
Outlaw,4030,8547
Clarkson,4033,8544
Rauch,4034,8541
Leong,4035,8540
Ridgeway,4035,8540
Peace,4037,8538
Hylton,4038,8536
Whyte,4038,8536
Archibald,4040,8535
Wen,4040,8535
Mullis,4042,8534
Lazaro,4043,8531
Goebel,4044,8527
Landon,4044,8527
Stubblefield,4044,8527
Jaquez,4047,8525
Basham,4048,8516
Rodarte,4048,8516
Cousins,4050,8515
Embry,4051,8511
Calkins,4052,8510
Chi,4052,8510
Pitt,4052,8510
Tijerina,4055,8507
Bourque,4056,8506
Mcclintock,4056,8506
Loy,4058,8495
Buffington,4059,8484
Mathias,4060,8481
Pelayo,4060,8481
Volk,4060,8481
Moy,4063,8480
Rau,4063,8480
Breedlove,4065,8477
Plascencia,4065,8477
Haase,4067,8475
Himes,4067,8475
Mazur,4069,8474
Santoyo,4070,8471
Teal,4071,8465
Clouse,4072,8456
Chew,4073,8455
Gough,4073,8455
Vickery,4075,8454
Oviedo,4076,8452
Putman,4077,8445
Ritchey,4078,8442
Shanahan,4078,8442
Rashid,4080,8441
Conover,4081,8437
Halstead,4082,8427
Iniguez,4083,8423
Blackwood,4084,8422
Goble,4085,8415
Hoke,4085,8415
Ammons,4087,8413
Frame,4087,8413
Sigler,4087,8413
Slattery,4087,8413
Hamblin,4091,8410
Mcvey,4091,8410
Cady,4093,8408
Martel,4094,8406
Brill,4095,8402
Bartels,4096,8401
Htoo,4097,8400
Langdon,4097,8400
Zink,4099,8398
Faircloth,4100,8397
Pickard,4100,8397
Schulze,4102,8395
Hermann,4103,8394
Cathey,4104,8393
Robinette,4104,8393
Colley,4106,8392
Dodds,4107,8386
Miramontes,4107,8386
Sheikh,4109,8383
Barnette,4110,8382
Merriman,4111,8380
Schiller,4112,8378
Tully,4112,8378
Foltz,4114,8374
Kwan,4115,8373
Covey,4116,8371
Monge,4116,8371
Fredrickson,4118,8368
Gallant,4119,8365
Holly,4119,8365
Marquardt,4119,8365
Jobe,4122,8360
Clausen,4123,8358
Munn,4124,8356
Lea,4125,8351
Partida,4126,8346
Arguello,4127,8345
You,4128,8344
Provost,4129,8342
Register,4129,8342
Merrick,4131,8336
Kovach,4132,8335
Sabo,4133,8331
Bratcher,4134,8328
Pollack,4135,8326
Boss,4136,8324
Wofford,4137,8320
Back,4138,8316
Ramsay,4138,8316
Kee,4140,8314
Greenlee,4141,8306
Worthy,4142,8305
Tomas,4143,8301
Candelaria,4144,8299
Avina,4145,8297
Jankowski,4146,8287
Pang,4147,8284
Gayle,4148,8282
Bannister,4149,8281
Wimberly,4150,8279
Samples,4151,8278
Peebles,4152,8274
Goad,4153,8266
Forsyth,4154,8265
Freedman,4155,8251
Romeo,4156,8249
Southard,4157,8246
Zayas,4157,8246
Kaye,4159,8244
Castellon,4160,8241
Arsenault,4161,8240
Mount,4161,8240
Purnell,4163,8238
Pannell,4164,8233
Lovejoy,4165,8231
Dagostino,4166,8230
Raney,4167,8229
Spalding,4168,8228
Goforth,4169,8226
Szymanski,4169,8226
Belt,4171,8223
Sander,4172,8221
Klinger,4173,8218
Bergstrom,4174,8214
Lightfoot,4174,8214
Quevedo,4174,8214
Louie,4177,8210
Montelongo,4177,8210
Montemayor,4177,8210
Belton,4180,8208
Molnar,4181,8207
Marquis,4182,8206
Gilbertson,4183,8205
Shuman,4184,8204
Maestas,4185,8203
Howland,4186,8201
Fleck,4187,8200
Freeland,4188,8195
Shorter,4189,8194
Ricker,4190,8184
Arora,4191,8183
Cave,4192,8181
Wild,4192,8181
Matheny,4194,8180
Wozniak,4195,8177
Bianchi,4196,8175
Santacruz,4196,8175
Varney,4198,8173
Baeza,4199,8170
Kelso,4200,8169
Lian,4201,8168
Gall,4202,8167
Hutchings,4203,8161
Santoro,4203,8161
Teran,4205,8159
Atwell,4206,8157
Hales,4206,8157
Qiu,4206,8157
Calabrese,4209,8156
Grabowski,4210,8150
Hiller,4210,8150
Weatherford,4210,8150
Almaraz,4213,8149
Fuqua,4214,8148
Winstead,4214,8148
Creel,4216,8147
Gurley,4216,8147
Rey,4216,8147
Toussaint,4219,8143
Turnbull,4219,8143
Dayton,4221,8138
Hua,4221,8138
Fortin,4223,8137
Doucette,4224,8132
Bunting,4225,8120
Samaniego,4226,8118
Trice,4227,8110
Griego,4228,8102
Piazza,4229,8099
Sherrod,4229,8099
Vetter,4231,8098
Dupuis,4232,8094
Begley,4233,8092
Leo,4233,8092
Patil,4235,8091
Ives,4236,8090
Redmon,4237,8089
Welker,4238,8088
Lanning,4239,8087
Iqbal,4240,8086
Harbin,4241,8083
Ulmer,4242,8081
Wick,4243,8080
Akin,4244,8079
Mclendon,4244,8079
Cade,4246,8077
Burley,4247,8075
Lemay,4248,8073
Dykstra,4249,8071
Steinmetz,4250,8070
Greiner,4251,8069
Craddock,4252,8068
Rayburn,4253,8067
Batson,4254,8064
Sarabia,4254,8064
Sharkey,4256,8059
Shifflett,4257,8058
Coppola,4258,8050
Phung,4258,8050
Geer,4260,8049
Gorham,4260,8049
Flanders,4262,8047
Sandlin,4263,8046
Whitcomb,4263,8046
Coons,4265,8041
Held,4266,8038
Gatewood,4267,8035
Ridenour,4268,8034
Fullerton,4269,8033
Sorrell,4269,8033
Unruh,4269,8033
Lieberman,4272,8032
Slagle,4272,8032
Spring,4274,8031
Keel,4275,8027
Conte,4276,8026
Juan,4277,8025
Gong,4278,8018
Loftus,4279,8015
Bandy,4280,8014
Carpio,4281,8012
Lovato,4281,8012
Armijo,4283,8009
Batts,4283,8009
Rousseau,4283,8009
Shumaker,4283,8009
Petrie,4287,8007
Brittain,4288,8005
Carden,4289,8004
Herbst,4290,8002
Encarnacion,4291,7999
Casteel,4292,7996
Wingate,4292,7996
Heinz,4294,7992
Withrow,4294,7992
Magallanes,4296,7990
Weimer,4297,7989
La,4298,7987
Lister,4299,7985
Bazan,4300,7983
Gonsalves,4300,7983
Mosier,4302,7981
Macedo,4303,7980
Mccaffrey,4303,7980
Cochrane,4305,7978
Meneses,4306,7976
Mccreary,4307,7974
Earle,4308,7973
Hundley,4309,7970
Swope,4309,7970
Cruse,4311,7969
Ferrari,4311,7969
Schreiner,4313,7965
Bertram,4314,7961
Clapp,4314,7961
Couture,4316,7960
Kingsley,4317,7959
Southerland,4318,7956
Wentz,4319,7954
Villareal,4320,7952
Chavira,4321,7949
Houle,4322,7945
Armour,4323,7943
Mariscal,4323,7943
Paine,4325,7938
Rausch,4326,7937
Sells,4327,7925
Vanmeter,4327,7925
Autry,4329,7922
Guyton,4330,7921
Ketchum,4331,7918
Melchor,4331,7918
Manriquez,4333,7917
Ahern,4334,7916
Fusco,4335,7915
Covert,4336,7913
Mccorkle,4336,7913
Prewitt,4336,7913
Borja,4339,7912
Pinkerton,4339,7912
Dupre,4341,7910
Parisi,4342,7904
Tracey,4343,7903
Sturgill,4344,7900
Wegner,4345,7898
Kuo,4346,7896
Griffis,4347,7894
Seo,4348,7892
Shumate,4349,7889
Buckingham,4350,7888
Riddick,4351,7884
Asbury,4352,7881
Nathan,4353,7874
Jewett,4354,7873
Meeker,4355,7871
Leighton,4356,7868
Farah,4357,7867
Wentworth,4358,7866
Urias,4359,7865
True,4359,7865
Castleberry,4361,7860
Heinrich,4362,7858
Keeling,4363,7856
Bradbury,4364,7854
Cato,4365,7852
Pagano,4365,7852
Galan,4367,7849
Denham,4368,7846
Sandberg,4369,7845
Mowery,4370,7844
Clegg,4371,7843
Tamang,4372,7841
Turcios,4373,7840
Gainey,4374,7839
Seidel,4374,7839
Battaglia,4376,7838
Menchaca,4376,7838
Deboer,4378,7837
Kirkwood,4378,7837
Chism,4380,7835
Snipes,4381,7834
Olmstead,4382,7831
Scarbrough,4382,7831
Stinnett,4384,7828
Tamez,4384,7828
Weng,4384,7828
Lacroix,4387,7825
So,4388,7824
Arriola,4389,7823
Conaway,4389,7823
Fogarty,4391,7822
Fort,4392,7821
Macleod,4393,7819
Moen,4393,7819
Fries,4395,7818
Robson,4396,7817
Haggard,4397,7813
Kersey,4397,7813
Easterling,4399,7811
Scoggins,4399,7811
Coffin,4401,7810
Leclair,4401,7810
Gaddy,4403,7807
Sledge,4403,7807
Peterman,4405,7806
Hutto,4406,7799
Mercier,4406,7799
Sammons,4406,7799
Alejandro,4409,7798
Kish,4410,7796
Wilhite,4411,7794
Gillen,4412,7793
Marques,4413,7792
Mohammad,4413,7792
Palermo,4415,7791
Mcvay,4416,7789
Dion,4417,7787
Hutcheson,4417,7787
Desimone,4419,7786
Jenson,4419,7786
Mckoy,4421,7783
Pendergrass,4422,7781
Poore,4423,7780
Hargis,4424,7779
Restrepo,4425,7778
Williford,4426,7777
Monaco,4427,7773
Deyoung,4428,7769
Wasson,4429,7768
Mccue,4430,7766
Coronel,4431,7760
Damron,4431,7760
Greathouse,4433,7756
Logue,4433,7756
Cromwell,4435,7754
Zou,4435,7754
Ralph,4437,7753
Min,4438,7751
Hynes,4439,7750
Armstead,4440,7749
Johnsen,4441,7748
Collett,4442,7741
Partin,4442,7741
Faison,4444,7740
Bahr,4445,7735
Stallworth,4445,7735
Pinkston,4447,7733
Valenti,4448,7730
Badger,4449,7728
Clem,4449,7728
Hennessey,4451,7726
Caudle,4452,7724
Dvorak,4453,7723
Bianco,4454,7721
Geyer,4454,7721
Mclaurin,4454,7721
Tremblay,4457,7719
Bracken,4458,7717
Choe,4458,7717
Derosa,4460,7716
Wilt,4461,7715
Neri,4462,7714
Pulley,4463,7709
Criswell,4464,7708
Tillery,4465,7705
Monaghan,4466,7703
Wilbanks,4466,7703
Yuen,4468,7702
Magnuson,4469,7696
Landa,4470,7695
Ascencio,4471,7693
Martz,4471,7693
Weidner,4471,7693
Puentes,4474,7691
Grijalva,4475,7688
Blunt,4476,7685
Mustafa,4476,7685
Budd,4478,7684
Hefner,4479,7681
Lum,4479,7681
Nickel,4479,7681
Siler,4479,7681
Oden,4483,7678
Tilton,4484,7677
Cornish,4485,7676
Levi,4486,7673
Knowlton,4487,7672
Rhea,4488,7671
Pizarro,4489,7670
Blythe,4490,7669
Mcculloch,4491,7666
Sisco,4491,7666
Germain,4493,7665
Holcombe,4493,7665
Raber,4495,7664
Rohrer,4496,7663
Heil,4497,7662
Mohan,4498,7661
Wertz,4498,7661
Fredericks,4500,7660
Sides,4500,7660
Winfield,4500,7660
Monteiro,4503,7659
Sperry,4503,7659
Sayre,4505,7658
Enos,4506,7657
Ribeiro,4506,7657
Prosser,4508,7656
Appel,4509,7654
Hyland,4509,7654
Bogan,4511,7653
Hauck,4512,7650
Lundberg,4513,7647
Mahaffey,4514,7645
Sumpter,4514,7645
Eagle,4516,7644
Furr,4516,7644
Volpe,4518,7641
Atchison,4519,7640
Burchett,4520,7631
Prentice,4520,7631
Troy,4522,7626
Bounds,4523,7625
Sprouse,4524,7624
Kraemer,4525,7622
Freund,4526,7620
Mazza,4526,7620
Quesada,4528,7619
Colin,4529,7617
Loper,4530,7616
Earnest,4531,7614
Seiler,4531,7614
Vaca,4533,7613
Peak,4534,7610
Abrego,4535,7597
Schoen,4536,7596
Dai,4537,7595
Buxton,4538,7594
Shinn,4539,7593
Ginn,4540,7590
Hofer,4541,7588
Pastor,4541,7588
Testa,4543,7585
Velarde,4544,7583
Avelar,4545,7580
Mertz,4546,7579
Royster,4547,7576
Hutchens,4548,7575
Creamer,4549,7569
Buchholz,4550,7567
Towns,4550,7567
Bah,4552,7561
Bristol,4552,7561
Clemmons,4554,7559
Sparrow,4554,7559
Frasier,4556,7556
Barros,4557,7555
Denning,4558,7554
Mccallister,4559,7553
Eaves,4560,7551
Nemeth,4561,7549
Elliot,4562,7548
Teel,4563,7547
Talavera,4564,7545
Riordan,4565,7544
Hail,4566,7541
Hardison,4567,7539
Samuelson,4568,7534
Fellows,4569,7527
Cromer,4570,7522
Lilley,4571,7521
Kulkarni,4572,7515
Muro,4573,7510
Clanton,4574,7507
Shirk,4575,7506
Lathrop,4576,7504
Sessions,4576,7504
Treadway,4576,7504
Isaacson,4579,7500
Hung,4580,7499
Weed,4580,7499
Whitlow,4580,7499
Fain,4583,7498
Weiler,4584,7497
Worth,4584,7497
Moye,4586,7496
Settle,4587,7495
Eck,4588,7493
Mao,4588,7493
Gunther,4590,7492
Veal,4591,7491
Frazer,4592,7487
Orta,4592,7487
Strunk,4592,7487
Luckett,4595,7486
Yeh,4595,7486
Pablo,4597,7484
Stephan,4598,7483
Saad,4599,7482
Alcorn,4600,7481
Fincher,4600,7481
Harrelson,4600,7481
Nutter,4603,7480
Maness,4604,7476
Swearingen,4605,7475
Au,4606,7472
Bostick,4606,7472
Carrasquillo,4608,7470
Gaitan,4609,7469
Everson,4610,7467
Kehoe,4610,7467
Posada,4612,7466
Pettigrew,4613,7461
Hair,4614,7460
Vanwinkle,4615,7456
Casto,4616,7455
Eggers,4617,7454
Hibbard,4618,7453
Conlon,4619,7449
Said,4620,7448
Garman,4621,7447
Swank,4622,7445
Chaves,4623,7444
Lemieux,4624,7438
Thomsen,4624,7438
Milburn,4626,7437
Ovalle,4626,7437
Spearman,4626,7437
Burkhardt,4629,7436
Haddock,4630,7429
Wan,4631,7422
Szabo,4632,7419
Rupert,4633,7417
Martinson,4634,7415
Getz,4635,7414
Loredo,4635,7414
Nakamura,4635,7414
Ordaz,4635,7414
Windsor,4639,7413
Deangelis,4640,7411
Sorto,4640,7411
Adhikari,4642,7408
Martini,4643,7404
Brogan,4644,7400
Coggins,4645,7399
Angelo,4646,7397
Southern,4646,7397
Urrutia,4646,7397
Caldera,4649,7396
Frausto,4650,7395
Meng,4651,7390
Savoy,4652,7388
Favela,4653,7384
Grande,4653,7384
Ethridge,4655,7383
Villalpando,4655,7383
Osuna,4657,7382
Dacosta,4658,7380
Alexis,4659,7379
Cass,4659,7379
Fontana,4661,7378
Reuter,4662,7376
Rosser,4662,7376
Leroy,4664,7374
Veliz,4664,7374
Falls,4666,7372
Picard,4666,7372
Yount,4668,7370
Magdaleno,4669,7369
Flora,4670,7368
Newland,4671,7366
Mcewen,4672,7365
Schenk,4672,7365
Sena,4672,7365
Allman,4675,7360
Schoonover,4675,7360
Kremer,4677,7359
Awad,4678,7357
Stidham,4679,7353
Drayton,4680,7352
Haile,4681,7349
Jackman,4682,7348
Mauro,4683,7347
Halsey,4684,7344
Krug,4684,7344
Ballew,4686,7342
Kozak,4686,7342
Mahmood,4686,7342
Bickford,4689,7339
Fryer,4690,7337
Mancilla,4691,7334
Canty,4692,7331
Tiller,4693,7330
Wilke,4693,7330
Servin,4695,7328
Wojcik,4696,7327
Usher,4697,7322
Roller,4698,7319
Segal,4698,7319
Lavender,4700,7312
Lear,4700,7312
Olds,4702,7310
Thibodeau,4702,7310
Whiteman,4702,7310
Lew,4705,7305
Tanaka,4706,7304
Mosby,4707,7301
Durkin,4708,7295
Chaudhry,4709,7292
Wooldridge,4709,7292
Ehlers,4711,7291
Goolsby,4711,7291
Chestnut,4713,7289
Shores,4714,7287
Grasso,4715,7283
Kuhns,4715,7283
Mansour,4717,7278
Whited,4718,7276
Larose,4719,7275
Lemaster,4720,7274
Palomo,4721,7273
Voigt,4722,7271
Langlois,4723,7267
Ni,4723,7267
Suh,4723,7267
Castanon,4726,7266
Horning,4726,7266
Pyles,4728,7262
Raynor,4729,7259
Tobar,4729,7259
Bricker,4731,7257
Brent,4732,7256
Butt,4732,7256
Poland,4734,7253
Sayers,4735,7251
Hendrick,4736,7248
Mcinnis,4736,7248
Schramm,4738,7247
Poling,4739,7242
Meister,4740,7241
Travers,4741,7239
Bernardo,4742,7238
Mulder,4743,7232
Peeples,4744,7231
Barrows,4745,7230
Spruill,4746,7227
Dellinger,4747,7226
Battles,4748,7224
Zimmermann,4749,7223
Ballinger,4750,7222
Pearl,4750,7222
Valente,4752,7213
Andino,4753,7212
Morehead,4753,7212
Stroup,4755,7208
Morrill,4756,7207
Jamieson,4757,7205
Bosch,4758,7204
Holloman,4759,7202
Dhillon,4760,7200
Staten,4760,7200
Flanigan,4762,7197
Jenks,4763,7196
Keyser,4763,7196
Osburn,4763,7196
Ashe,4766,7195
Gearhart,4766,7195
Henke,4766,7195
Ching,4769,7194
Matheson,4770,7193
Ault,4771,7191
Bhatt,4771,7191
Donato,4771,7191
Hecht,4771,7191
Smothers,4775,7188
Donley,4776,7187
Herrin,4777,7183
Hitt,4778,7181
Thames,4779,7180
Mcreynolds,4780,7178
Guess,4781,7177
Johnstone,4782,7176
Lerner,4782,7176
Warfield,4784,7168
Beeler,4785,7166
Rash,4786,7164
Maclean,4787,7163
Spires,4787,7163
Marek,4789,7160
Otis,4789,7160
Barela,4791,7159
Burrow,4791,7159
Steadman,4791,7159
Mcfall,4794,7151
Romine,4795,7143
Toomey,4796,7142
Stegall,4797,7141
Jester,4798,7137
Lora,4798,7137
Vanegas,4798,7137
Cloutier,4801,7134
Mcmichael,4802,7133
Abbas,4803,7132
Recinos,4803,7132
Dell,4805,7130
Flick,4805,7130
Wickham,4807,7129
Deltoro,4808,7127
Silvers,4808,7127
Thang,4810,7126
Friesen,4811,7125
Hazel,4812,7124
Upshaw,4813,7122
Mattison,4814,7119
Mccool,4815,7117
Yager,4815,7117
Bethel,4817,7115
Rinaldi,4818,7114
Utley,4819,7113
Agustin,4820,7112
Bunker,4821,7105
Devito,4821,7105
Berryman,4823,7103
Spradlin,4823,7103
Basile,4825,7101
Folsom,4825,7101
Irons,4827,7099
Amezcua,4828,7096
Carnahan,4828,7096
Laplante,4828,7096
Quiles,4828,7096
Irish,4832,7094
Speed,4833,7092
Ogrady,4834,7088
Place,4835,7083
Berlin,4836,7082
Heflin,4837,7074
Mckeown,4837,7074
Raya,4837,7074
Zamarripa,4837,7074
Luster,4841,7072
Fortier,4842,7071
Taber,4842,7071
Hornsby,4844,7070
Toliver,4845,7069
Cassell,4846,7068
Creighton,4847,7064
Knotts,4847,7064
Boling,4849,7060
Linville,4850,7059
Duckett,4851,7057
Salmeron,4852,7056
Mcdaniels,4853,7055
Spooner,4853,7055
Spitzer,4855,7051
Lindner,4856,7050
Mckeon,4856,7050
Cifuentes,4858,7049
Desmond,4859,7048
Vargo,4859,7048
Knudson,4861,7046
Cui,4862,7042
Pride,4862,7042
Cushman,4864,7041
Deoliveira,4864,7041
Cranford,4866,7039
Mckeever,4867,7036
Nutt,4868,7033
Reitz,4869,7029
Bucher,4870,7027
Beale,4871,7026
Nation,4871,7026
Pointer,4873,7024
Timmerman,4873,7024
Tallman,4875,7022
Keim,4876,7019
Huntington,4877,7018
Penaloza,4877,7018
Hazen,4879,7016
Pellegrino,4880,7013
Dee,4881,7009
Driggers,4882,7008
Franke,4882,7008
Hang,4884,7003
Hsieh,4885,7001
Sparkman,4885,7001
Gilson,4887,6998
Hailey,4888,6996
Moorman,4888,6996
Whitehurst,4890,6993
Molloy,4891,6992
Grim,4892,6990
Talbott,4893,6989
Ivory,4894,6988
Mickelson,4895,6985
Westphal,4896,6984
Hammett,4897,6981
Tibbs,4897,6981
Lindgren,4899,6980
Pedro,4899,6980
Dabney,4901,6979
Pomeroy,4902,6977
Tenney,4902,6977
Pleasant,4904,6972
Damon,4905,6971
Kuehn,4906,6970
Walz,4907,6969
Delafuente,4908,6968
Pettis,4908,6968
Araiza,4910,6967
Trowbridge,4911,6966
Minnick,4912,6965
Mccurry,4913,6964
Batten,4914,6962
Eden,4914,6962
Yamamoto,4916,6961
Pogue,4917,6958
Button,4918,6956
Steel,4919,6955
Woodbury,4920,6953
Manson,4921,6952
Ries,4922,6949
Hintz,4923,6945
Markley,4924,6939
Moll,4925,6932
Bocanegra,4926,6931
Jablonski,4926,6931
Mcgarry,4926,6931
Davalos,4929,6926
Pitman,4930,6923
Fried,4931,6920
Randazzo,4931,6920
Bussey,4933,6919
Delcid,4933,6919
Gerlach,4933,6919
Pabon,4936,6916
Oropeza,4937,6915
Lundgren,4938,6914
Nelms,4939,6913
Michels,4940,6912
Beiler,4941,6911
Fazio,4941,6911
Jeong,4941,6911
Verdugo,4941,6911
Wooden,4941,6911
Oaks,4946,6907
Sasser,4947,6902
Phillip,4948,6901
Pinson,4948,6901
Eby,4950,6900
Lavigne,4951,6896
Archie,4952,6893
Derr,4953,6892
Orosco,4954,6886
Laporte,4955,6882
Strother,4956,6877
Bare,4957,6871
Boren,4957,6871
Kling,4957,6871
Guffey,4960,6863
Bernhardt,4961,6862
Nazario,4962,6861
Rigsby,4963,6857
Sherry,4964,6855
Thach,4964,6855
Spriggs,4966,6854
Welborn,4967,6851
Salomon,4968,6849
Bosley,4969,6848
Angell,4970,6846
Giraldo,4970,6846
Mcdevitt,4972,6845
Mckelvey,4973,6844
Saul,4974,6843
Blodgett,4975,6842
Palm,4975,6842
Landaverde,4977,6838
Rainwater,4978,6835
Rohde,4978,6835
Thornhill,4978,6835
Claudio,4981,6832
Boatwright,4982,6831
Bae,4983,6825
Quan,4983,6825
Bolt,4985,6822
Fiedler,4985,6822
Haque,4987,6820
Matteson,4987,6820
Wallen,4987,6820
Abell,4990,6819
Berkowitz,4990,6819
Crites,4992,6817
Lock,4992,6817
Dizon,4994,6816
Bristow,4995,6815
Simone,4996,6814
Hammock,4997,6810
Kress,4997,6810
Apple,4999,6807
Gladden,5000,6806
Comeaux,5001,6804
Loving,5002,6800
Pippin,5002,6800
Bankston,5004,6799
Sachs,5004,6799
Peltier,5006,6797
Tian,5007,6795
Mckenney,5008,6791
Philip,5009,6790
Plante,5009,6790
Tsang,5011,6788
Brownell,5012,6786
Kingston,5012,6786
Ackley,5014,6785
Sipes,5015,6782
Desantiago,5016,6779
Neel,5017,6778
Cupp,5018,6776
Enright,5018,6776
Tarr,5018,6776
Garrity,5021,6773
Whitmire,5022,6772
Bettencourt,5023,6769
Karim,5024,6766
Shade,5024,6766
Harwell,5026,6762
Garduno,5027,6761
Snook,5028,6760
Gorski,5029,6759
Arango,5030,6757
Fielder,5031,6756
Olivier,5031,6756
Falcone,5033,6753
Stamps,5034,6752
Gaskin,5035,6751
Spurgeon,5036,6750
Fenner,5037,6749
Diep,5038,6748
Hildreth,5039,6747
Binkley,5040,6745
Reiss,5041,6744
Jorgenson,5042,6742
Kaufmann,5042,6742
Spellman,5042,6742
Paw,5045,6741
Whittle,5046,6740
Schlegel,5047,6739
Carreno,5048,6738
Null,5049,6737
Saravia,5050,6734
Lien,5051,6733
Vandenberg,5052,6732
Goodin,5053,6729
Miley,5054,6728
Calvo,5055,6724
Friday,5056,6720
Guido,5057,6718
Langer,5057,6718
Mcdade,5057,6718
Sturdivant,5060,6717
Woodley,5061,6715
Macon,5062,6714
Graziano,5063,6712
Rooks,5063,6712
Bozeman,5065,6709
Wisdom,5065,6709
Cotto,5067,6708
Saxon,5068,6707
Lowman,5069,6705
Wilkie,5069,6705
Munro,5071,6701
Haight,5072,6699
Fife,5073,6697
Hogg,5074,6696
Roddy,5074,6696
Mcbee,5076,6695
Bischoff,5077,6692
Izaguirre,5077,6692
Wellington,5079,6689
Bejarano,5080,6686
Destefano,5080,6686
Ferro,5082,6685
Laurent,5083,6684
Puga,5083,6684
Abad,5085,6683
Glaze,5085,6683
Schlosser,5087,6682
Almond,5088,6677
Ridge,5089,6676
Howes,5090,6675
Mcdougal,5090,6675
Hargrave,5092,6674
Rawlins,5092,6674
Lundquist,5094,6673
Shively,5094,6673
Lao,5096,6668
Frankel,5097,6667
Saeed,5097,6667
Koester,5099,6665
Boynton,5100,6664
Shane,5101,6661
Stillwell,5102,6660
Born,5103,6659
Alberto,5104,6652
Backus,5104,6652
Hartwell,5104,6652
Sidhu,5104,6652
Bice,5108,6641
Borrego,5109,6640
Martindale,5110,6636
Garris,5111,6634
Trainor,5112,6633
Nam,5113,6632
Christ,5114,6629
Penrod,5115,6628
Durden,5116,6627
Bobbitt,5117,6621
Buenrostro,5117,6621
Shivers,5117,6621
Brannan,5120,6615
Pierrelouis,5121,6613
Nesmith,5122,6611
Oxendine,5123,6609
Wallin,5123,6609
Macklin,5125,6605
Booher,5126,6603
Napolitano,5127,6602
Greenwell,5128,6599
Bowlin,5129,6596
Beeson,5130,6595
Casarez,5130,6595
Wainwright,5132,6593
Dejong,5133,6591
Woolsey,5134,6589
Salyer,5135,6588
Garces,5136,6586
Pieper,5136,6586
Judy,5138,6583
Rudy,5139,6582
Mcginley,5140,6581
Monzon,5141,6579
Bowe,5142,6578
Council,5143,6573
Hou,5144,6572
Suazo,5145,6570
Fishman,5146,6569
Dugas,5147,6567
Cowell,5148,6565
Alfred,5149,6564
Mcmaster,5150,6563
Heffernan,5151,6562
Ignacio,5152,6561
Ard,5153,6560
Jessup,5153,6560
Umana,5153,6560
Rigby,5156,6555
Peraza,5157,6554
Chevalier,5158,6553
Cooksey,5159,6552
Ostrowski,5159,6552
Anton,5161,6550
Damian,5161,6550
Styles,5163,6549
Batiste,5164,6544
Stowers,5165,6543
Richie,5166,6542
Furlong,5167,6540
Sinha,5167,6540
Michalski,5169,6539
Thorson,5170,6538
Hochstetler,5171,6537
Rutter,5172,6531
Gastelum,5173,6529
Rath,5174,6527
Doolittle,5175,6526
Gooding,5176,6525
Thornburg,5177,6524
Poulin,5178,6523
Sacco,5179,6520
Gurrola,5180,6519
Slayton,5181,6517
Corder,5182,6512
Holiday,5182,6512
Metzler,5184,6511
Brody,5185,6510
Prior,5186,6508
Ison,5187,6506
Trombley,5188,6505
Corwin,5189,6504
Loftis,5190,6502
Aguero,5191,6499
Paterson,5191,6499
Bordelon,5193,6496
Krauss,5193,6496
Eicher,5195,6493
Baxley,5196,6492
Delapaz,5196,6492
Hass,5196,6492
Smithson,5199,6491
Hughey,5200,6486
Huskey,5200,6486
Underhill,5202,6485
Sarver,5203,6484
Mandel,5204,6483
Siebert,5204,6483
Weatherly,5206,6482
Heffner,5207,6480
Baskin,5208,6478
Mcdougall,5208,6478
Novotny,5210,6473
Pounds,5210,6473
Verduzco,5212,6471
Bickel,5213,6470
Reza,5214,6468
Thapa,5215,6467
Grider,5216,6466
Mulcahy,5216,6466
Millar,5218,6465
Nelsen,5218,6465
Ozuna,5220,6464
Farkas,5221,6463
Rambo,5222,6462
Shrader,5223,6458
Vanpelt,5224,6457
Brumley,5225,6456
Bastian,5226,6452
Dalrymple,5226,6452
Rubino,5228,6451
Beaudoin,5229,6448
Larosa,5229,6448
Campo,5231,6447
Woolley,5232,6446
Beals,5233,6444
Schumann,5234,6443
Yarborough,5234,6443
Real,5236,6438
Ji,5237,6436
Durr,5238,6434
Roybal,5238,6434
Catalan,5240,6429
Large,5241,6426
Hoag,5242,6425
Lash,5243,6423
Winfrey,5244,6422
Roa,5245,6421
Dumont,5246,6419
Manzanares,5247,6418
Yip,5248,6416
Roeder,5249,6415
Funes,5250,6413
Walling,5250,6413
Gosnell,5252,6411
Mabe,5252,6411
Huebner,5254,6410
Mouton,5254,6410
Pohl,5256,6409
Dionne,5257,6408
Sim,5257,6408
Heilman,5259,6407
Joslin,5259,6407
Loftin,5261,6406
Lagunas,5262,6399
Cobbs,5263,6398
Marchand,5263,6398
Rizo,5265,6394
Escalera,5266,6392
Kempf,5266,6392
Lashley,5266,6392
Pinckney,5269,6384
Atherton,5270,6382
Byars,5270,6382
Cantwell,5272,6380
Merkel,5272,6380
Tyner,5272,6380
Agrawal,5275,6379
Hetrick,5276,6378
Lui,5277,6377
Leake,5278,6374
Fawcett,5279,6371
Rountree,5279,6371
Silveira,5279,6371
Felts,5282,6370
Rosenberger,5283,6369
Woodcock,5283,6369
Flagg,5285,6368
Carrizales,5286,6366
Farber,5287,6364
Pitre,5287,6364
Billups,5289,6362
Yepez,5289,6362
Orton,5291,6361
Burchfield,5292,6360
Lamont,5293,6359
Albritton,5294,6358
Boettcher,5295,6356
Copley,5296,6354
Kidder,5296,6354
Stockwell,5296,6354
Yusuf,5299,6350
Dimas,5300,6349
Xia,5301,6345
Porterfield,5302,6342
Haynie,5303,6340
Justus,5303,6340
Tse,5305,6339
Barcenas,5306,6338
Conyers,5307,6337
Bechtel,5308,6336
Nuno,5309,6334
Somerville,5309,6334
Mashburn,5311,6331
Saucier,5312,6330
Hixson,5313,6329
Mathes,5313,6329
Hulse,5315,6328
Horsley,5316,6327
Mensah,5317,6325
Musgrove,5317,6325
Fairley,5319,6324
Pinon,5320,6323
Melancon,5321,6321
Vanover,5321,6321
Cooks,5323,6320
Kinard,5323,6320
Waltz,5325,6319
Nowlin,5326,6315
Alegria,5327,6313
Neilson,5327,6313
Marlowe,5329,6312
Hume,5330,6311
Lizarraga,5331,6309
Grisham,5332,6308
Gabel,5333,6307
Galaviz,5333,6307
Giddens,5335,6306
Shephard,5335,6306
Lehr,5337,6304
Felipe,5338,6303
Hasty,5339,6302
Weigel,5339,6302
Hutcherson,5341,6299
Ladner,5341,6299
Rife,5341,6299
Towne,5341,6299
Conger,5345,6298
Brophy,5346,6295
Alejo,5347,6292
Totten,5347,6292
Holbert,5349,6290
Laing,5349,6290
Mumford,5349,6290
Leija,5352,6289
Kieffer,5353,6288
Darr,5354,6287
Philips,5355,6285
Machuca,5356,6283
Feliz,5357,6282
Gottlieb,5357,6282
Forney,5359,6280
Yim,5359,6280
Fannin,5361,6279
Abercrombie,5362,6277
Ingersoll,5363,6276
Lohr,5364,6275
Matthew,5365,6274
Weil,5365,6274
Dorris,5367,6271
Keiser,5367,6271
Fortenberry,5369,6270
Pine,5369,6270
Iyer,5371,6267
Sato,5372,6266
Srinivasan,5372,6266
Money,5374,6265
Rathbun,5374,6265
Sills,5374,6265
Gower,5377,6263
Roderick,5377,6263
Kao,5379,6261
Diego,5380,6257
Gilmer,5380,6257
Habib,5382,6255
Dreyer,5383,6253
Plank,5383,6253
Lowell,5385,6252
Pandey,5385,6252
Bays,5387,6251
Lavin,5387,6251
Amundson,5389,6249
Fulcher,5389,6249
Broadway,5391,6248
Viola,5392,6247
Witmer,5393,6246
August,5394,6243
Lemoine,5395,6241
Rutkowski,5396,6239
Arreguin,5397,6237
Newhouse,5398,6236
Torrence,5399,6235
Mackie,5400,6234
Vollmer,5400,6234
Lefebvre,5402,6233
Valentino,5403,6232
Rohr,5404,6230
Giese,5405,6229
Jorge,5406,6228
Gass,5407,6227
Hembree,5407,6227
Azevedo,5409,6226
Petit,5409,6226
Eisenberg,5411,6222
Rickman,5411,6222
Dawes,5413,6221
Howerton,5414,6219
Peel,5414,6219
Palomares,5416,6218
Rounds,5416,6218
Mccleary,5418,6217
Mudd,5419,6216
Rosenfeld,5420,6215
Jacinto,5421,6214
Beardsley,5422,6211
Munroe,5422,6211
Tindall,5422,6211
Hamer,5425,6210
Vaccaro,5426,6209
Coelho,5427,6208
Lazar,5427,6208
Damato,5429,6207
Say,5430,6206
Izquierdo,5431,6204
Kester,5431,6204
Georges,5433,6203
Byron,5434,6199
Hartzell,5434,6199
Theis,5436,6197
Emanuel,5437,6195
Hannan,5438,6192
Hazelwood,5438,6192
Rocco,5440,6191
Sauls,5441,6190
Erdman,5442,6189
Guarino,5443,6187
Colton,5444,6185
Musick,5445,6180
Dombrowski,5446,6176
Almazan,5447,6175
Bremer,5447,6175
Mirza,5449,6173
Ingalls,5450,6172
Stocker,5450,6172
Wyrick,5452,6169
Varga,5453,6168
Wasserman,5454,6164
Corn,5455,6163
Fee,5455,6163
Maggard,5455,6163
Anand,5458,6160
Strait,5459,6159
Mazariegos,5460,6158
Pinkney,5460,6158
Milne,5462,6156
Rawson,5462,6156
Leeper,5464,6155
Fernando,5465,6153
Bonham,5466,6151
Mohler,5466,6151
Obryan,5466,6151
Crittenden,5469,6149
Mather,5470,6144
Carswell,5471,6141
Ferrante,5472,6140
Huss,5472,6140
Morehouse,5472,6140
Marler,5475,6138
Mallett,5476,6136
Brigham,5477,6130
Turney,5477,6130
Mclellan,5479,6127
Carty,5480,6126
Yocum,5480,6126
Hermosillo,5482,6123
Oquendo,5483,6122
Geller,5484,6121
Stowell,5484,6121
Theriot,5484,6121
Grenier,5487,6119
Tibbetts,5488,6117
Miracle,5489,6116
Prichard,5490,6115
Probst,5490,6115
Shine,5492,6113
Pires,5493,6112
Spiegel,5494,6110
Pender,5495,6109
Pfaff,5495,6109
Stumpf,5497,6108
Gist,5498,6105
Cushing,5499,6104
Morelli,5499,6104
Wimmer,5501,6102
Chrisman,5502,6099
Blaine,5503,6098
Boylan,5504,6095
Deese,5504,6095
Manns,5504,6095
Schnell,5504,6095
Flemming,5508,6094
Plaza,5508,6094
Wyant,5508,6094
Bunnell,5511,6091
Orth,5512,6090
Avendano,5513,6088
Bojorquez,5514,6087
Denis,5514,6087
Hartnett,5514,6087
Pinedo,5514,6087
Donnell,5518,6086
Bhatia,5519,6085
Mccants,5520,6084
Caraway,5521,6082
Harless,5521,6082
Larkins,5521,6082
Marchese,5521,6082
Correll,5525,6081
Mccluskey,5525,6081
Riedel,5525,6081
Montesdeoca,5528,6078
Arvizu,5529,6077
Galdamez,5529,6077
Pitcher,5529,6077
Tuggle,5529,6077
Salguero,5533,6076
Buell,5534,6074
Dollar,5534,6074
Mchale,5536,6072
Myer,5536,6072
Scribner,5536,6072
Pape,5539,6071
Mccrea,5540,6067
Obregon,5541,6065
Lett,5542,6063
Dew,5543,6061
Rhoden,5544,6060
Ansari,5545,6058
Srivastava,5545,6058
Kingsbury,5547,6055
Moritz,5547,6055
Doucet,5549,6054
Duhon,5550,6053
Hui,5551,6051
Beeman,5552,6050
Toole,5552,6050
Stoker,5554,6048
Denison,5555,6045
Passmore,5556,6043
Papa,5557,6042
Blanchette,5558,6041
Marston,5559,6036
Mulholland,5559,6036
Mandujano,5561,6035
Babin,5562,6034
Gaynor,5563,6033
Musselman,5563,6033
Hadden,5565,6031
Chaplin,5566,6030
Harrigan,5566,6030
Wessel,5566,6030
Tapp,5569,6027
Aguila,5570,6026
Buehler,5571,6024
Roundtree,5571,6024
Wampler,5571,6024
Tao,5574,6021
Cundiff,5575,6018
Callaghan,5576,6017
Bey,5577,6015
Saechao,5577,6015
Xue,5579,6014
Luevano,5580,6012
Messick,5580,6012
Baines,5582,6010
Brasher,5582,6010
Ritz,5582,6010
Brodie,5585,6009
Chalmers,5585,6009
Richman,5587,6007
Whitehouse,5587,6007
Groth,5589,6006
Medellin,5590,6005
Khoury,5591,6003
Carcamo,5592,6002
Shaughnessy,5592,6002
Albanese,5594,6000
Runyan,5594,6000
Rascon,5596,5998
Victoria,5597,5997
Dave,5598,5994
Nolte,5599,5993
Tait,5599,5993
Lemmon,5601,5992
Engstrom,5602,5990
Shreve,5602,5990
Almaguer,5604,5989
Brush,5604,5989
Mcswain,5604,5989
Weddle,5604,5989
Quiroga,5608,5985
Raley,5608,5985
Carrigan,5610,5980
Greenwald,5610,5980
Fike,5612,5977
Soper,5612,5977
Lux,5614,5975
Alberts,5615,5971
Pelaez,5615,5971
Alger,5617,5968
Fulkerson,5618,5963
Ghosh,5618,5963
Halvorson,5618,5963
Doane,5621,5962
Kuhlman,5621,5962
Arena,5623,5957
Chambliss,5623,5957
Jarman,5623,5957
Soule,5623,5957
Eberhardt,5627,5953
Watanabe,5628,5949
Weiland,5628,5949
Christopherson,5630,5948
Armas,5631,5945
Atchley,5632,5942
Roden,5632,5942
Hatley,5634,5939
Zachary,5635,5935
Antunez,5636,5934
Hershey,5637,5933
Marley,5637,5933
Zacarias,5637,5933
Overby,5640,5931
Earls,5641,5929
Shao,5641,5929
Ledoux,5643,5928
Maes,5644,5923
Wingfield,5645,5922
Vanburen,5646,5921
Vanderpool,5646,5921
Chaparro,5648,5915
Lamm,5648,5915
Meacham,5650,5914
Fielding,5651,5913
Guerin,5651,5913
Walther,5651,5913
Renaud,5654,5912
Word,5654,5912
Bloomfield,5656,5910
Ingraham,5656,5910
Friedrich,5658,5909
Hodson,5659,5907
Chinn,5660,5906
Ashmore,5661,5904
Bogart,5661,5904
Sultana,5661,5904
Krantz,5664,5903
Truax,5664,5903
Gabbard,5666,5902
Akter,5667,5901
Maxfield,5668,5900
Blanks,5669,5898
Shirey,5669,5898
Click,5671,5897
Mcginty,5672,5896
Schatz,5673,5895
Barnum,5674,5893
Browder,5675,5890
Decastro,5675,5890
Salyers,5675,5890
Bayless,5678,5889
Llewellyn,5679,5887
Hardee,5680,5885
Parsley,5680,5885
Kesler,5682,5884
Northcutt,5682,5884
Baylor,5684,5882
Scofield,5684,5882
Aden,5686,5879
Orona,5686,5879
Rule,5686,5879
Stilwell,5686,5879
Baran,5690,5878
Speck,5691,5872
Stott,5691,5872
Messenger,5693,5871
Zahn,5694,5866
Bixler,5695,5864
Sipe,5696,5861
Edens,5697,5860
Pilgrim,5697,5860
Grimaldo,5699,5859
Bruton,5700,5858
Osgood,5700,5858
Paradis,5702,5857
Guadarrama,5703,5856
Hemingway,5703,5856
Humes,5703,5856
Abeyta,5706,5855
Milan,5707,5854
Radcliffe,5707,5854
Duda,5709,5853
Jacks,5710,5852
Chitwood,5711,5851
Edmunds,5712,5845
Distefano,5713,5844
Kwiatkowski,5714,5842
Feller,5715,5841
Sonnier,5715,5841
Coakley,5717,5840
Tankersley,5718,5838
Barringer,5719,5837
Mclaren,5720,5835
Beer,5721,5832
Klug,5722,5830
Gault,5723,5829
Chairez,5724,5828
Fredrick,5724,5828
Linden,5724,5828
Castano,5727,5825
Agosto,5728,5824
Bay,5728,5824
Alva,5730,5823
Kuhl,5730,5823
Castor,5732,5822
Grillo,5732,5822
Settles,5734,5819
Albarran,5735,5817
Bedard,5735,5817
Rood,5735,5817
Saini,5738,5815
Chilton,5739,5814
Duffey,5740,5812
Whetstone,5741,5811
Cowles,5742,5810
Julien,5742,5810
Tinker,5742,5810
Barham,5745,5809
Deweese,5745,5809
Engler,5747,5807
Briceno,5748,5806
Faria,5748,5806
Gosselin,5748,5806
Quirk,5751,5805
Hewett,5752,5804
Bumgarner,5753,5803
Medlock,5753,5803
Ou,5753,5803
Ruble,5753,5803
Deane,5757,5801
Landau,5757,5801
Tribble,5757,5801
Stebbins,5760,5800
Boardman,5761,5799
Mayers,5761,5799
Homer,5763,5797
Luck,5763,5797
Krohn,5765,5796
Palmieri,5766,5790
Bott,5767,5789
Searles,5767,5789
Beachy,5769,5788
Bolling,5770,5786
Cowley,5770,5786
Fender,5770,5786
Radtke,5773,5785
Sallee,5774,5784
Gregoire,5775,5781
Harbison,5776,5779
Alderson,5777,5778
Bedolla,5778,5777
Denman,5778,5777
Cravens,5780,5775
Heiser,5781,5774
Schenck,5782,5773
Caban,5783,5772
Doerr,5783,5772
Trask,5785,5771
Hartwig,5786,5770
Birmingham,5787,5768
Klotz,5788,5767
Bode,5789,5763
Ku,5790,5761
Kwok,5791,5760
Esqueda,5792,5759
Mcclinton,5792,5759
Ream,5792,5759
Hassell,5795,5756
Thorp,5796,5753
Chaffee,5797,5752
Costanzo,5797,5752
Gallego,5799,5751
Reh,5799,5751
Nicholls,5801,5750
Warrick,5802,5748
Hendershot,5803,5744
Mcevoy,5803,5744
Freese,5805,5742
Berndt,5806,5740
Lockard,5806,5740
Koster,5808,5739
Duron,5809,5738
Serra,5810,5737
Neubauer,5811,5736
Ericson,5812,5734
Gilpin,5812,5734
Hesse,5814,5732
Marchant,5814,5732
Bard,5816,5731
Bridge,5816,5731
Wiegand,5818,5730
Hack,5819,5728
Reinke,5819,5728
Dinkins,5821,5726
Durst,5822,5724
Geisler,5823,5721
Coffee,5824,5720
Akhtar,5825,5717
Behnke,5825,5717
Cerna,5825,5717
Lobo,5828,5716
Tedesco,5829,5715
Berube,5830,5712
Brenneman,5830,5712
Burwell,5830,5712
Youssef,5830,5712
Corbitt,5834,5711
Ligon,5834,5711
Loeffler,5834,5711
Benz,5837,5710
Lavelle,5837,5710
Donofrio,5839,5708
Nall,5840,5707
Grewal,5841,5705
Buie,5842,5704
Harold,5842,5704
Mcnamee,5842,5704
Roney,5845,5703
Stackhouse,5846,5701
Labelle,5847,5700
Payan,5847,5700
Garnica,5849,5693
Thurmond,5849,5693
Larry,5851,5692
Hillard,5852,5690
Maupin,5853,5688
Wooley,5854,5687
Brake,5855,5686
Flack,5855,5686
Koller,5855,5686
Castrejon,5858,5685
Perrone,5859,5683
Wingo,5860,5682
Ehrlich,5861,5681
Schaub,5861,5681
Derby,5863,5680
Mcauliffe,5863,5680
Kipp,5865,5676
Detweiler,5866,5675
Shupe,5866,5675
Kuang,5868,5669
Pennell,5869,5668
Catron,5870,5667
Leos,5870,5667
Gourley,5872,5662
Mcginn,5872,5662
Loveland,5874,5659
Carper,5875,5657
Thompkins,5875,5657
Zinn,5875,5657
Christmas,5878,5655
Strader,5879,5654
Ducharme,5880,5652
Olmedo,5880,5652
Belk,5882,5651
Ochs,5883,5650
Villeda,5883,5650
Gammon,5885,5648
Rolon,5885,5648
Savoie,5885,5648
Erazo,5888,5647
Huizar,5888,5647
Cespedes,5890,5644
Eberle,5891,5643
Yanes,5892,5641
Karl,5893,5638
Nowicki,5893,5638
Sadowski,5893,5638
Downes,5896,5633
Penney,5896,5633
Vansickle,5896,5633
Kahler,5899,5632
Corpuz,5900,5630
Grimsley,5900,5630
Kiernan,5900,5630
Blood,5903,5629
Buckman,5903,5629
Hubbell,5905,5628
Sellars,5906,5627
Darrow,5907,5626
Mangan,5907,5626
Strickler,5907,5626
Baldridge,5910,5625
Bergen,5910,5625
Kirkman,5912,5624
Lampkin,5913,5623
Kocher,5914,5622
Hoch,5915,5619
Oster,5915,5619
Sturgis,5917,5615
Berryhill,5918,5613
Nail,5918,5613
Mo,5920,5612
Tudor,5921,5611
Sprinkle,5922,5610
Lally,5923,5609
Evenson,5924,5608
Koonce,5925,5606
Hillis,5926,5604
Bedell,5927,5601
Blakley,5928,5598
Laboy,5928,5598
Albano,5930,5597
Treadwell,5930,5597
Olive,5932,5595
Ruan,5933,5594
Deering,5934,5591
Spinks,5935,5589
Tolley,5936,5585
Claxton,5937,5584
Deckard,5937,5584
Mathieu,5937,5584
Nickell,5937,5584
Paschal,5941,5581
Ruano,5942,5580
Crossley,5943,5579
Fitts,5944,5578
Nowell,5944,5578
Turnage,5944,5578
Gudino,5947,5577
Kavanaugh,5947,5577
Futrell,5949,5576
Issa,5950,5575
Baumgardner,5951,5573
Mcclary,5952,5571
Cordes,5953,5570
Delosreyes,5953,5570
Marcotte,5953,5570
Jeanlouis,5956,5568
Mcgriff,5956,5568
Remington,5956,5568
Benefield,5959,5567
Gilligan,5959,5567
Riojas,5961,5562
Prendergast,5962,5561
Toy,5962,5561
Teeter,5964,5559
Acharya,5965,5557
Carmody,5966,5556
Kiley,5966,5556
Strobel,5966,5556
Crabb,5969,5555
Elmer,5969,5555
Harkness,5971,5554
Cosme,5972,5553
Tyrrell,5973,5549
Arceneaux,5974,5548
Dorr,5975,5544
Kimbrell,5975,5544
Lightner,5975,5544
Thelen,5975,5544
Crutcher,5979,5543
Kwong,5979,5543
Pardue,5979,5543
Marrs,5982,5540
Lombard,5983,5539
Trudeau,5983,5539
Wilber,5983,5539
Palafox,5986,5538
Sanmiguel,5987,5537
Fore,5988,5535
Funderburk,5989,5534
Rex,5990,5532
Thibault,5990,5532
Caskey,5992,5531
Fancher,5992,5531
Sandy,5994,5530
Mccaskill,5995,5529
Abdallah,5996,5527
Book,5996,5527
Plant,5998,5526
Sorrells,5998,5526
Garg,6000,5522
Crayton,6001,5521
Mintz,6001,5521
Nabors,6001,5521
Malave,6004,5519
Bias,6005,5517
Moniz,6005,5517
Emerick,6007,5516
Elston,6008,5513
Geist,6008,5513
Oliphant,6008,5513
Maravilla,6011,5512
Franzen,6012,5509
Hawkes,6013,5502
Jaynes,6014,5500
Meagher,6015,5498
Sackett,6016,5497
Shriver,6016,5497
Gerdes,6018,5495
Hoffer,6018,5495
Mar,6020,5494
Halpin,6021,5493
Theriault,6022,5492
Svoboda,6023,5491
Schick,6024,5490
Godsey,6025,5483
Kirksey,6026,5482
Macmillan,6026,5482
Dreher,6028,5481
Hollister,6028,5481
Parkhurst,6028,5481
Bustillos,6031,5479
Alt,6032,5476
Jaffe,6033,5474
Lawlor,6034,5473
Penner,6034,5473
Lefevre,6036,5472
Sayles,6037,5471
Esteban,6038,5467
Canter,6039,5466
Dibble,6040,5464
Lanza,6040,5464
Risner,6042,5463
Marker,6043,5461
Bayne,6044,5459
Schlabach,6045,5458
Villar,6045,5458
Stoltz,6047,5456
Bentz,6048,5455
Kellum,6049,5453
Mclane,6050,5452
Mulkey,6050,5452
Capers,6052,5451
Olinger,6052,5451
Hanrahan,6054,5450
Zaman,6054,5450
Blume,6056,5449
Hoagland,6057,5447
Desrosiers,6058,5446
Hatten,6059,5445
Theisen,6059,5445
Fite,6061,5444
Vandiver,6062,5442
Federico,6063,5440
Nordstrom,6063,5440
Macpherson,6065,5439
Mallard,6065,5439
Phifer,6067,5438
Rhinehart,6067,5438
Parton,6069,5437
Peeler,6069,5437
Blais,6071,5436
Marble,6071,5436
Lachance,6073,5434
Tull,6073,5434
Maggio,6075,5433
Chauhan,6076,5432
Boatright,6077,5430
Hatchett,6078,5429
Hollenbeck,6078,5429
Tseng,6080,5428
Barden,6081,5427
Lejeune,6082,5426
Mcgehee,6082,5426
Madigan,6084,5419
Moats,6085,5418
Shetler,6086,5417
Cotten,6087,5415
Soler,6087,5415
Goulet,6089,5414
Leonardo,6090,5412
Mccrory,6090,5412
Voorhees,6092,5411
Scheer,6093,5410
Slate,6093,5410
Dalessandro,6095,5409
Winder,6095,5409
Stitt,6097,5397
Koon,6098,5396
Heintz,6099,5394
Gragg,6100,5393
Mink,6101,5391
Monreal,6102,5389
Krishnan,6103,5388
Ellingson,6104,5386
Decarlo,6105,5384
Waldman,6106,5382
Shumway,6107,5381
Bivins,6108,5380
Cunha,6109,5379
Hagerty,6110,5377
Seale,6111,5375
Storms,6111,5375
Rahn,6113,5373
Laroche,6114,5372
Latta,6114,5372
Westcott,6114,5372
Ballou,6117,5371
Fermin,6118,5369
Furtado,6118,5369
Mak,6118,5369
Elizalde,6121,5366
Sikora,6121,5366
Sigmon,6123,5365
Rivard,6124,5364
Specht,6125,5362
Callender,6126,5361
Pelton,6127,5360
Beaman,6128,5359
Stockman,6128,5359
Pipkin,6130,5358
Kibler,6131,5357
Kowalczyk,6132,5356
Milliken,6132,5356
Hollander,6134,5355
Waits,6134,5355
Bogle,6136,5354
Weatherspoon,6137,5352
Byerly,6138,5351
Walston,6138,5351
Veloz,6140,5350
Frizzell,6141,5349
Bettis,6142,5347
Sandifer,6142,5347
Kerrigan,6144,5346
Abner,6145,5344
Daughtry,6145,5344
Haire,6145,5344
Malinowski,6148,5343
Mincey,6149,5341
Mortimer,6150,5340
Rieger,6150,5340
Dilley,6152,5339
Soni,6152,5339
Cress,6154,5338
Sokol,6154,5338
Northrup,6156,5335
Marriott,6157,5333
Hamann,6158,5332
Lowrey,6159,5331
Carmack,6160,5329
Wold,6160,5329
Worsham,6160,5329
Angle,6163,5328
Frierson,6163,5328
Husband,6165,5325
Govea,6166,5324
Kavanagh,6166,5324
Degroot,6168,5323
Ridgway,6168,5323
Knecht,6170,5322
Seely,6171,5321
Coward,6172,5320
Petry,6172,5320
Bramlett,6174,5319
Scanlan,6175,5317
Breland,6176,5316
Hamill,6177,5315
Herold,6177,5315
Caton,6179,5313
Carrico,6180,5312
Chesser,6181,5311
Nestor,6181,5311
Hibbs,6183,5310
Bigham,6184,5309
Emory,6184,5309
Judkins,6184,5309
Folk,6187,5308
Massa,6187,5308
Mielke,6189,5306
Neighbor,6189,5306
Alden,6191,5304
Mercedes,6192,5303
Dulaney,6193,5301
Houk,6193,5301
Comeau,6195,5297
Munger,6196,5294
Appleton,6197,5293
Mccomb,6198,5291
Stlouis,6198,5291
Carothers,6200,5289
Robin,6200,5289
Gregorio,6202,5288
Bartz,6203,5287
Lafrance,6204,5286
Bromley,6205,5285
Visser,6205,5285
Dipietro,6207,5284
Soliman,6208,5283
Schuman,6209,5282
Sharif,6210,5281
Demoss,6211,5280
Voyles,6212,5279
Arbogast,6213,5278
Schaller,6213,5278
Dutcher,6215,5277
Natale,6215,5277
Burd,6217,5276
Fritts,6217,5276
Suter,6217,5276
Mccraw,6220,5274
Gaskill,6221,5273
Hight,6222,5272
Tolson,6223,5271
Viramontes,6223,5271
Boatman,6225,5270
Byrum,6225,5270
Brummett,6227,5269
Mapes,6228,5266
Sylvia,6228,5266
Hotchkiss,6230,5265
Dearing,6231,5264
Schmit,6231,5264
Wendel,6231,5264
Marcos,6234,5263
Brister,6235,5262
Loucks,6236,5261
Uhl,6237,5260
Terrill,6238,5259
Ton,6238,5259
Yen,6238,5259
Moo,6241,5256
Appleby,6242,5255
Bost,6243,5254
Suzuki,6244,5253
Yousif,6244,5253
Fogg,6246,5252
Lees,6247,5250
Petro,6247,5250
Laguna,6249,5249
Shih,6249,5249
Mcardle,6251,5248
Ryals,6252,5245
Garmon,6253,5241
Yap,6253,5241
Deberry,6255,5239
Truman,6255,5239
Abram,6257,5238
Tarango,6258,5235
Casiano,6259,5234
Nasser,6260,5232
Curtiss,6261,5231
Cory,6262,5229
Dancy,6262,5229
Dudek,6262,5229
Bancroft,6265,5228
Priddy,6266,5227
Arambula,6267,5226
Escoto,6267,5226
Quillen,6267,5226
Fouts,6270,5222
Candelario,6271,5220
Vestal,6272,5219
Desilva,6273,5217
Edelman,6274,5215
Vice,6274,5215
Widener,6274,5215
Lippert,6277,5214
Squire,6278,5213
Vermillion,6278,5213
Bane,6280,5212
Hargett,6280,5212
Headrick,6280,5212
Magill,6280,5212
Matta,6284,5211
Oquinn,6285,5210
Birdsong,6286,5209
Mciver,6287,5208
Dryden,6288,5207
Hagler,6288,5207
Sy,6290,5206
Cadet,6291,5205
Stith,6292,5204
Karp,6293,5203
Forde,6294,5201
Kapoor,6295,5200
Schauer,6295,5200
Hudak,6297,5198
Zhen,6297,5198
Kilmer,6299,5197
Campa,6300,5195
Koerner,6301,5193
Qian,6302,5191
Bodnar,6303,5190
Burcham,6304,5188
Steinke,6304,5188
Constantino,6306,5184
Nason,6307,5182
Stamm,6308,5180
Cronk,6309,5179
Dey,6309,5179
Philpot,6311,5177
Brinker,6312,5176
Carder,6312,5176
Hickson,6314,5175
Wayman,6315,5174
Harker,6316,5173
Lawhorn,6316,5173
Reeve,6316,5173
Barroso,6319,5172
Dandrea,6320,5171
Gervais,6320,5171
Im,6320,5171
Hilbert,6323,5170
Koss,6323,5170
Witkowski,6323,5170
Wolcott,6323,5170
Bagby,6327,5169
Mauricio,6327,5169
Osteen,6329,5168
Golding,6330,5166
Hann,6331,5165
Luckey,6331,5165
Whitmer,6331,5165
Hallett,6334,5164
Marra,6334,5164
Shim,6336,5162
Silverstein,6337,5159
Swaim,6338,5158
Thom,6338,5158
Markle,6340,5157
Bai,6341,5155
Musa,6341,5155
Deason,6343,5154
Flournoy,6343,5154
Lessard,6343,5154
Silvia,6346,5153
Celis,6347,5152
Schaaf,6347,5152
Karnes,6349,5151
Hendry,6350,5149
Rodrigue,6350,5149
Baber,6352,5147
Bellinger,6352,5147
Deming,6352,5147
Erskine,6352,5147
Schutz,6352,5147
Given,6357,5146
Cawley,6358,5145
Wilk,6358,5145
Bracey,6360,5143
Crone,6360,5143
Pridgen,6360,5143
Aycock,6363,5142
Rae,6363,5142
Alvey,6365,5141
Halloran,6365,5141
Koo,6365,5141
Siu,6368,5140
Mix,6369,5139
Sabin,6369,5139
Bartel,6371,5136
Deck,6372,5132
Eagan,6372,5132
Verdin,6372,5132
Hollinger,6375,5131
Trivedi,6376,5130
Heisler,6377,5127
Moskowitz,6377,5127
Qin,6377,5127
Knighton,6380,5126
Dickman,6381,5125
Keeley,6381,5125
Pfister,6383,5124
Faris,6384,5123
Kistler,6385,5121
Piotrowski,6385,5121
Avant,6387,5120
Eggert,6387,5120
Fell,6387,5120
Peabody,6390,5116
Elwell,6391,5115
Abdalla,6392,5114
Slaton,6392,5114
Dorado,6394,5113
Gillett,6395,5112
Harr,6395,5112
Dillman,6397,5111
Mahler,6397,5111
Mcphail,6397,5111
Pawlowski,6397,5111
Haupt,6401,5110
Conners,6402,5109
Hindman,6403,5108
Klaus,6403,5108
Beecher,6405,5106
Schutte,6405,5106
Honaker,6407,5103
Groce,6408,5102
Olszewski,6409,5101
Wester,6410,5099
Grullon,6411,5098
Lowder,6411,5098
Koons,6413,5097
Mizell,6413,5097
Navas,6413,5097
Tew,6416,5096
Alexandre,6417,5094
Bolduc,6417,5094
Fix,6417,5094
Legrand,6417,5094
Nester,6417,5094
Womble,6422,5090
Oberg,6423,5089
Riffle,6423,5089
Sheth,6423,5089
Arrieta,6426,5088
Newcomer,6426,5088
Muncy,6428,5087
Rego,6428,5087
Constantine,6430,5086
Egbert,6431,5082
Mcmillin,6431,5082
Villalta,6433,5081
Beil,6434,5080
Brewington,6434,5080
Senn,6434,5080
Strawn,6437,5079
Banta,6438,5078
Beckley,6438,5078
Bosworth,6438,5078
Downer,6438,5078
Zito,6438,5078
Matute,6443,5075
Toribio,6443,5075
Banner,6445,5074
Bee,6445,5074
Grow,6445,5074
Salley,6448,5072
Chua,6449,5071
Howlett,6449,5071
Farina,6451,5070
Koski,6452,5069
Wortham,6452,5069
Cofield,6454,5068
Ohare,6455,5066
Zajac,6456,5063
Gadson,6457,5062
Claiborne,6458,5061
Noah,6459,5059
Adrian,6460,5058
Gause,6460,5058
Abbey,6462,5055
Studer,6462,5055
Wyckoff,6464,5054
Speight,6465,5053
Berumen,6466,5052
Brehm,6467,5051
Hamlett,6467,5051
Mickens,6467,5051
Boring,6470,5047
Rager,6471,5046
Pirtle,6472,5045
Vining,6472,5045
Matney,6474,5044
Showers,6474,5044
Lupo,6476,5043
Goodall,6477,5042
Sievers,6477,5042
Babbitt,6479,5040
Naughton,6480,5039
Brett,6481,5038
Warwick,6482,5035
Adames,6483,5032
Choudhury,6483,5032
Quijada,6483,5032
Weiser,6483,5032
Benally,6487,5031
Eastwood,6488,5030
Gaspard,6488,5030
Lemos,6490,5028
Brazil,6491,5027
Briley,6491,5027
Burgett,6493,5026
Baig,6494,5025
Fall,6495,5024
Macgregor,6495,5024
Barner,6497,5023
Hunsaker,6497,5023
Brookins,6499,5020
Pilcher,6499,5020
Cage,6501,5018
Shattuck,6501,5018
Wesson,6501,5018
Mcmullin,6504,5017
Kahl,6505,5015
Spinelli,6505,5015
Cabello,6507,5014
Harney,6507,5014
Flinn,6509,5013
Milano,6509,5013
Blessing,6511,5010
Greaves,6512,5009
Hildebrandt,6513,5008
Jefferies,6513,5008
Nolt,6515,5007
Rigdon,6515,5007
Gartner,6517,5006
Beason,6518,5005
Shukla,6518,5005
Radcliff,6520,5004
Melgoza,6521,5003
Sawyers,6521,5003
Stillman,6521,5003
Fleury,6524,5002
Henkel,6524,5002
Pepe,6526,5001
Spell,6526,5001
Tedder,6528,5000
Woodman,6528,5000
Brookshire,6530,4999
Zak,6530,4999
Busse,6532,4994
Scholz,6533,4993
Bhatti,6534,4992
Sok,6535,4991
Wieland,6535,4991
Chicas,6537,4990
Mcshane,6537,4990
Rumsey,6537,4990
Hageman,6540,4986
Littrell,6540,4986
Carillo,6542,4985
Dorsett,6542,4985
Alex,6544,4984
Rome,6545,4980
Endres,6546,4978
Peguero,6546,4978
Stricklin,6548,4977
Keil,6549,4976
Bushey,6550,4975
Oswalt,6550,4975
Neves,6552,4974
Hix,6553,4973
Rittenhouse,6553,4973
Witcher,6555,4966
Schroder,6556,4965
Beckner,6557,4964
Go,6558,4961
Royce,6558,4961
Amerson,6560,4960
Mejias,6561,4958
Stadler,6561,4958
Corson,6563,4956
Spiller,6564,4954
Cashman,6565,4953
Mcculley,6566,4952
Proulx,6566,4952
Hecker,6568,4951
Robey,6569,4950
Burgin,6570,4949
Quijano,6570,4949
Helmick,6572,4947
Overman,6572,4947
Pattison,6572,4947
Cairns,6575,4945
Stambaugh,6575,4945
Leatherman,6577,4944
Broadnax,6578,4943
Hagerman,6578,4943
Pettway,6578,4943
Sink,6581,4942
Bergmann,6582,4941
Win,6582,4941
Allgood,6584,4940
Almanzar,6584,4940
Broom,6586,4938
Hartung,6586,4938
Ruggles,6586,4938
Coria,6589,4936
Jamerson,6589,4936
Bowes,6591,4934
Marmolejo,6592,4933
Radke,6592,4933
Rackley,6594,4932
Lewin,6595,4931
Ruppert,6596,4930
Haber,6597,4929
Harness,6597,4929
Jeon,6599,4928
Alas,6600,4927
Mader,6601,4926
Cordoba,6602,4925
Malek,6602,4925
Rodman,6602,4925
Chery,6605,4924
Macy,6605,4924
Haun,6607,4918
Weinberger,6607,4918
Chea,6609,4916
Groom,6609,4916
Piedra,6609,4916
Dever,6612,4915
Hash,6613,4913
Mcgough,6614,4912
Eberly,6615,4911
Rickert,6615,4911
Schuh,6615,4911
Choy,6618,4910
Nicol,6618,4910
Baier,6620,4906
Mccandless,6620,4906
Conant,6622,4905
Flory,6622,4905
Hambrick,6624,4904
Leffler,6625,4903
Hinman,6626,4901
Kizer,6626,4901
Pettus,6628,4900
Warnock,6628,4900
Hulbert,6630,4897
Satterwhite,6630,4897
Ram,6632,4896
Skiles,6633,4892
Yadav,6633,4892
Raza,6635,4891
Cool,6636,4890
Skeen,6636,4890
Reel,6638,4889
Beauregard,6639,4888
Raab,6640,4887
Musgrave,6641,4886
Bhandari,6642,4883
Standridge,6642,4883
Solberg,6644,4882
Desir,6645,4881
Paddock,6645,4881
Wrenn,6645,4881
Stancil,6648,4880
Mach,6649,4879
Manchester,6649,4879
Kephart,6651,4878
Dana,6652,4877
Fenn,6652,4877
Devoe,6654,4876
Tallent,6655,4875
Ahumada,6656,4874
Hafner,6656,4874
Salvatore,6656,4874
Hammack,6659,4873
Korn,6659,4873
Peppers,6659,4873
Ceron,6662,4872
Kranz,6662,4872
Subramanian,6662,4872
Lalonde,6665,4871
Grose,6666,4870
Hostetter,6666,4870
Lattimore,6666,4870
Mick,6666,4870
Bucci,6670,4868
Gebhardt,6670,4868
Gladney,6670,4868
Lechuga,6673,4864
Bushnell,6674,4863
Catlett,6674,4863
Forest,6676,4862
Leathers,6676,4862
Omeara,6676,4862
Eubank,6679,4861
Gehring,6679,4861
Hensel,6679,4861
Markey,6682,4860
Reavis,6682,4860
Naik,6684,4857
Mckean,6685,4853
Bernabe,6686,4852
Hixon,6686,4852
Roebuck,6686,4852
Pagel,6689,4850
Magallon,6690,4849
Rothman,6690,4849
Kuehl,6692,4848
Poff,6692,4848
Reams,6692,4848
Gerald,6695,4847
Galbreath,6696,4846
Vong,6696,4846
Curl,6698,4844
Ronquillo,6698,4844
Townes,6700,4843
Beane,6701,4842
Plata,6701,4842
Marcano,6703,4841
Perrine,6704,4839
Manion,6705,4837
Napoli,6705,4837
Lammers,6707,4834
Volz,6707,4834
Fick,6709,4833
Fuhrman,6710,4832
Wescott,6711,4830
Whittemore,6711,4830
Hardaway,6713,4829
Reber,6713,4829
Vital,6713,4829
Woolard,6716,4828
Delp,6717,4827
Granado,6717,4827
Liddell,6719,4826
Mingo,6720,4825
Monday,6720,4825
Mccafferty,6722,4823
Pandya,6723,4822
Sand,6724,4821
Stricker,6724,4821
Tiwari,6724,4821
Gormley,6727,4819
Breeding,6728,4818
Cottle,6728,4818
Johanson,6728,4818
Pugliese,6728,4818
Takahashi,6728,4818
Kaylor,6733,4817
Wight,6733,4817
Villalba,6735,4816
Batres,6736,4815
Lamas,6736,4815
Youmans,6738,4812
Loggins,6739,4811
Tsosie,6739,4811
Aucoin,6741,4809
Gerhardt,6741,4809
Ayon,6743,4808
Kite,6743,4808
Telles,6743,4808
Fidler,6746,4807
Leech,6747,4804
Ley,6747,4804
Aronson,6749,4802
Chaudhary,6749,4802
Tinajero,6751,4801
Ung,6752,4800
Calder,6753,4799
Mistry,6753,4799
Stanek,6755,4797
Esquibel,6756,4795
Gillum,6756,4795
Mahmoud,6756,4795
Laureano,6759,4794
Moise,6759,4794
More,6759,4794
Delano,6762,4793
Boateng,6763,4792
Cannady,6763,4792
Hollowell,6765,4791
Boley,6766,4790
Dore,6766,4790
Fricke,6766,4790
Hazlett,6766,4790
Wales,6770,4789
Depew,6771,4788
Stansbury,6771,4788
Moorer,6773,4786
Reiner,6773,4786
Wilmot,6775,4785
Toms,6776,4784
Eversole,6777,4782
Elwood,6778,4781
Espiritu,6778,4781
Coston,6780,4780
Dowdell,6780,4780
Marlin,6780,4780
Banegas,6783,4779
Benham,6783,4779
Hovey,6783,4779
Lavallee,6783,4779
Simmonds,6783,4779
Tighe,6783,4779
Carballo,6789,4778
Matz,6789,4778
Chartier,6791,4777
Etter,6791,4777
Haworth,6791,4777
Abdullahi,6794,4776
Kreider,6794,4776
Barrick,6796,4774
Berglund,6796,4774
Gambino,6798,4773
Burkhalter,6799,4772
Gaylord,6799,4772
Haider,6801,4771
Kwak,6801,4771
Neese,6803,4770
Shrum,6804,4769
Daggett,6805,4766
Lenhart,6806,4765
Shoup,6806,4765
Lander,6808,4762
Metcalfe,6809,4761
Martineau,6810,4758
Steffens,6810,4758
Bissell,6812,4757
Sheriff,6813,4755
Tai,6814,4753
Cervantez,6815,4751
Barriga,6816,4748
Collette,6816,4748
Giddings,6818,4747
Hickerson,6818,4747
Beckford,6820,4746
Turcotte,6820,4746
Guyer,6822,4745
Fogel,6823,4744
Moyers,6823,4744
Lambright,6825,4740
Woodford,6825,4740
Brooke,6827,4739
Wingard,6828,4738
Carrell,6829,4737
Crumpton,6829,4737
Cusick,6829,4737
Jonnson,6829,4737
Rubalcava,6829,4737
Wojciechowski,6829,4737
Colombo,6835,4736
Hyder,6835,4736
Helmer,6837,4734
Maria,6838,4733
Marti,6838,4733
Roscoe,6840,4732
Vanbuskirk,6840,4732
Canas,6842,4731
Rizvi,6842,4731
Bushman,6844,4730
Brace,6845,4729
Killion,6846,4728
Rossman,6846,4728
Summerville,6846,4728
Darcy,6849,4727
Fordham,6849,4727
Valero,6849,4727
Burbank,6852,4726
Perron,6852,4726
Shelly,6852,4726
Westerman,6852,4726
Guadalupe,6856,4723
Rehman,6857,4722
Roos,6858,4721
Engelhardt,6859,4720
Frazee,6859,4720
Bodine,6861,4719
Brumbaugh,6861,4719
Fast,6861,4719
Runnels,6864,4718
Forester,6865,4717
Donner,6866,4716
Muth,6866,4716
Oseguera,6866,4716
Stroh,6869,4715
Eugene,6870,4713
Ousley,6871,4710
Ready,6871,4710
Hinrichs,6873,4709
Mccown,6874,4708
Tatro,6874,4708
Ussery,6874,4708
Scharf,6877,4707
Simonds,6877,4707
Kershaw,6879,4706
Cobos,6880,4705
Messner,6880,4705
Calle,6882,4704
Bannon,6883,4703
Paulus,6884,4702
Majewski,6885,4701
Riddell,6885,4701
Nalley,6887,4700
Detwiler,6888,4699
Vizcarra,6888,4699
Kinser,6890,4698
Sterner,6890,4698
Youngs,6890,4698
Amick,6893,4697
Ledet,6894,4696
Nicely,6894,4696
Renfroe,6896,4694
Chipman,6897,4693
Gagliardi,6897,4693
Hom,6897,4693
Nesbit,6900,4690
Slusher,6900,4690
Bryce,6902,4689
Khalid,6902,4689
Nieman,6902,4689
Whiteley,6902,4689
Armbruster,6906,4688
Gloria,6906,4688
Heine,6906,4688
Thrower,6906,4688
Hague,6910,4687
Levitt,6910,4687
Chaidez,6912,4686
Kell,6912,4686
Mcavoy,6912,4686
Paulk,6912,4686
Eckman,6916,4684
Greenway,6916,4684
Carino,6918,4683
Beaumont,6919,4682
Levinson,6919,4682
Marsden,6921,4681
Silvas,6921,4681
Aikens,6923,4676
Heyward,6923,4676
Nissen,6925,4675
Delk,6926,4674
Gilstrap,6926,4674
Lozoya,6928,4673
Chee,6929,4672
Orcutt,6930,4671
Calzada,6931,4670
Catlin,6932,4669
Neighbors,6932,4669
Garofalo,6934,4668
Bent,6935,4667
Vyas,6935,4667
Ringer,6937,4666
Roll,6937,4666
Steger,6937,4666
Mcminn,6940,4665
Nevins,6940,4665
Londono,6942,4664
Chiles,6943,4662
Gwin,6943,4662
Gurule,6945,4661
Harbaugh,6945,4661
Mallon,6945,4661
Shaner,6945,4661
Woodring,6945,4661
Macfarlane,6950,4660
Parekh,6951,4659
Zendejas,6951,4659
Dortch,6953,4658
Lebeau,6953,4658
Maloy,6953,4658
Southworth,6956,4657
Pizano,6957,4656
Gasper,6958,4655
Merriweather,6958,4655
Gambrell,6960,4653
Rolle,6960,4653
Wilmoth,6962,4652
Lubin,6963,4651
Martinelli,6964,4649
Frisch,6965,4648
Sorrentino,6965,4648
Gaudet,6967,4647
Perera,6967,4647
Arguelles,6969,4646
Capone,6970,4645
Cate,6970,4645
Sigala,6972,4644
Brooker,6973,4643
Haug,6973,4643
Abrahamson,6975,4642
Brotherton,6975,4642
Gasca,6977,4641
Kile,6977,4641
Sheehy,6977,4641
Barnwell,6980,4640
Mowry,6980,4640
Abramson,6982,4639
Nave,6982,4639
Fullmer,6984,4638
Burg,6985,4636
Toma,6985,4636
Ables,6987,4635
Blain,6987,4635
Oliveros,6987,4635
Fraga,6990,4633
Turman,6990,4633
Walley,6992,4632
Kain,6993,4631
Searle,6993,4631
Bill,6995,4630
Lampe,6995,4630
Peavy,6995,4630
Boggess,6998,4628
Welty,6998,4628
Garzon,7000,4626
Jaworski,7000,4626
Letourneau,7000,4626
Tung,7000,4626
Torrey,7004,4625
Zurita,7004,4625
Boyette,7006,4624
Giroux,7007,4622
Hupp,7007,4622
Sass,7007,4622
Dingman,7010,4621
Eberhart,7010,4621
Dyke,7012,4618
Acton,7013,4617
Propst,7014,4616
Sherlock,7014,4616
Therrien,7014,4616
Westover,7014,4616
Persinger,7018,4615
Botelho,7019,4614
Carley,7020,4613
Toombs,7020,4613
Kissinger,7022,4612
Scarlett,7023,4611
Suttles,7023,4611
Gainer,7025,4610
Mcatee,7025,4610
Coulson,7027,4607
Genovese,7028,4606
Harrod,7028,4606
Gwinn,7030,4605
Noor,7030,4605
Grigg,7032,4604
Koval,7032,4604
Killingsworth,7034,4602
Cahoon,7035,4601
Pradhan,7035,4601
Talamantes,7037,4600
Brauer,7038,4599
Race,7038,4599
Seng,7040,4598
Mcloughlin,7041,4597
Fears,7042,4594
Gott,7042,4594
Alatorre,7044,4592
Bloch,7044,4592
Brockway,7044,4592
Gillispie,7044,4592
Whitford,7044,4592
Bhakta,7049,4589
Dishman,7049,4589
Stocks,7049,4589
Dinsmore,7052,4588
Coney,7053,4587
Burciaga,7054,4586
Raphael,7055,4585
Burford,7056,4583
Eades,7057,4581
Saha,7057,4581
Hammel,7059,4579
Rue,7059,4579
Veach,7061,4578
Bang,7062,4577
Mccomas,7062,4577
Kulp,7064,4575
Bly,7065,4573
Holmberg,7065,4573
Middlebrooks,7067,4572
Tiffany,7067,4572
Duck,7069,4571
Sohn,7070,4568
Arzate,7071,4567
Jia,7071,4567
Runge,7073,4566
Zabala,7073,4566
Ahearn,7075,4564
Quimby,7075,4564
Deangelo,7077,4562
Fehr,7078,4561
Lussier,7078,4561
Poon,7080,4560
Criss,7081,4559
Gustin,7082,4558
Schmucker,7082,4558
Stringfellow,7084,4556
Kennard,7085,4552
Kingery,7085,4552
Addington,7087,4549
Behm,7087,4549
Paiz,7087,4549
Peckham,7087,4549
Spillman,7087,4549
Benn,7092,4548
Melendrez,7092,4548
Fatima,7094,4547
Knepp,7094,4547
Miceli,7094,4547
Bierman,7097,4546
Pascua,7097,4546
Langan,7099,4545
Neary,7099,4545
Staub,7099,4545
Abshire,7102,4544
Braddock,7102,4544
Leland,7102,4544
Saiz,7102,4544
Lama,7106,4538
Dufresne,7107,4536
Holladay,7107,4536
Dsouza,7109,4535
Huertas,7109,4535
Pearsall,7111,4534
Ahmadi,7112,4533
Troxell,7112,4533
Cowen,7114,4531
Creed,7114,4531
Saleem,7116,4529
Malhotra,7117,4527
Polley,7117,4527
Racine,7119,4526
Setzer,7119,4526
Kurth,7121,4525
Mapp,7121,4525
Viveros,7121,4525
Brashear,7124,4522
Harriman,7124,4522
Campuzano,7126,4520
Jerez,7126,4520
Jo,7128,4518
Torgerson,7128,4518
Corso,7130,4517
Thrash,7131,4516
Kato,7132,4515
Chandra,7133,4513
Landin,7133,4513
Eley,7135,4511
Lal,7135,4511
Karas,7137,4510
Maxson,7137,4510
Lomas,7139,4509
Marron,7139,4509
Dillingham,7141,4507
Eckstein,7141,4507
Voelker,7141,4507
Bybee,7144,4505
Mars,7144,4505
Moralez,7144,4505
Dirks,7147,4504
Izzo,7147,4504
Thakkar,7147,4504
Wildman,7147,4504
Delia,7151,4503
Flatt,7151,4503
Merida,7151,4503
Cimino,7154,4502
Melson,7154,4502
Mohamud,7154,4502
Jeanpierre,7157,4501
Marty,7157,4501
Boutwell,7159,4500
Bowler,7159,4500
Nez,7159,4500
Berkley,7162,4498
Kindred,7162,4498
Deaver,7164,4497
Revels,7164,4497
Thaxton,7164,4497
Benge,7167,4496
Burson,7167,4496
Dehoyos,7167,4496
Stultz,7167,4496
Halley,7171,4495
Ernest,7172,4494
Jessop,7172,4494
Henshaw,7174,4493
Lindeman,7174,4493
Ecker,7176,4491
Halbert,7177,4490
Owusu,7177,4490
Peach,7177,4490
Boisvert,7180,4488
Ortez,7180,4488
Borg,7182,4487
Ewell,7182,4487
Edward,7184,4486
Won,7184,4486
Cyrus,7186,4485
Jahn,7186,4485
Aung,7188,4484
Depaz,7188,4484
Endicott,7188,4484
Naquin,7188,4484
Pedigo,7188,4484
Hayman,7193,4482
Lainez,7194,4480
Canchola,7195,4478
Moorehead,7195,4478
Tyndall,7197,4477
Colunga,7198,4476
Cassel,7199,4475
Ewald,7199,4475
Farnham,7199,4475
Dull,7202,4474
Qi,7202,4474
Watford,7204,4471
Fenwick,7205,4470
Rogan,7206,4468
Swinney,7207,4467
Welter,7207,4467
Welton,7207,4467
Friel,7210,4466
Eichelberger,7211,4465
Rude,7211,4465
Glidden,7213,4464
Cutter,7214,4463
Reinert,7215,4462
Desousa,7216,4460
Gilbreath,7217,4459
Hamid,7217,4459
Haught,7217,4459
Celaya,7220,4458
Hazelton,7220,4458
Arzola,7222,4457
Canterbury,7222,4457
Atencio,7224,4455
Moffatt,7224,4455
Soe,7226,4454
Treat,7226,4454
Ballenger,7228,4453
Gendron,7229,4452
Rigney,7229,4452
Dhaliwal,7231,4451
Gandara,7231,4451
Crozier,7233,4450
Llanes,7233,4450
Mccaslin,7233,4450
Peake,7236,4449
Rabe,7237,4448
Summerlin,7238,4447
Doering,7239,4444
Millsap,7239,4444
Steelman,7239,4444
Wittman,7239,4444
Hinz,7243,4443
Dufour,7244,4442
Nussbaum,7244,4442
Toner,7244,4442
Kunkle,7247,4440
Magar,7247,4440
Mayle,7247,4440
Quinteros,7247,4440
Goodell,7251,4439
Spikes,7251,4439
Wilborn,7253,4436
Pepin,7254,4435
Arceo,7255,4434
Winchell,7256,4433
Modi,7257,4431
Huckaby,7258,4430
Sansone,7259,4429
Cathcart,7260,4428
Bemis,7261,4427
Sattler,7261,4427
Cribbs,7263,4424
Tryon,7263,4424
Balbuena,7265,4423
Waldo,7266,4421
Gast,7267,4420
Deen,7268,4419
Hunley,7268,4419
Raby,7268,4419
Rusk,7268,4419
Schlueter,7268,4419
Bobadilla,7273,4418
Hunnicutt,7273,4418
Parmar,7273,4418
Arrowood,7276,4417
Banerjee,7277,4416
Charbonneau,7277,4416
Kerley,7279,4415
Burmeister,7280,4414
Lemley,7280,4414
Swindle,7280,4414
Cleaver,7283,4413
Lykins,7283,4413
Teng,7283,4413
Benfield,7286,4412
Cockerham,7286,4412
Villavicencio,7286,4412
Martines,7289,4411
Melcher,7289,4411
Fowlkes,7291,4410
Gaeta,7292,4409
Keough,7292,4409
Mendieta,7294,4408
Wiener,7295,4407
Kight,7296,4406
Lacombe,7297,4405
Grajeda,7298,4404
Maynor,7298,4404
Mcinerney,7298,4404
Truesdale,7301,4403
Lohman,7302,4399
Sang,7302,4399
Rubenstein,7304,4398
Fregoso,7305,4397
Carlile,7306,4396
Halliday,7306,4396
Hipp,7306,4396
Thomasson,7306,4396
Freitag,7310,4395
Sites,7311,4394
Findlay,7312,4393
Yamada,7312,4393
Schulman,7314,4392
Juliano,7315,4391
Luker,7315,4391
Novoa,7315,4391
Peden,7318,4390
Weitzel,7318,4390
Gordillo,7320,4389
Mullinax,7320,4389
Theodore,7320,4389
Carruthers,7323,4388
Arruda,7324,4387
Mcbroom,7325,4386
Rayford,7325,4386
Devera,7327,4384
Korte,7327,4384
Kiel,7329,4383
Mcguinness,7329,4383
Midkiff,7329,4383
Rusch,7329,4383
Montana,7333,4380
Poulos,7333,4380
Humble,7335,4379
Lewallen,7335,4379
Maze,7337,4378
Biggers,7338,4377
Hock,7338,4377
Shropshire,7338,4377
Weissman,7338,4377
Clair,7342,4375
Delvecchio,7342,4375
Matamoros,7342,4375
Parmer,7342,4375
Cofer,7346,4374
Finger,7346,4374
Pass,7346,4374
Cauley,7349,4373
Enciso,7349,4373
Hector,7349,4373
Hooten,7349,4373
Nickels,7353,4372
Fontanez,7354,4371
Astorga,7355,4369
Burress,7355,4369
Hileman,7355,4369
Menke,7355,4369
Nigro,7355,4369
Seymore,7355,4369
Deel,7361,4368
Maddux,7361,4368
Mitchem,7363,4367
Sanches,7363,4367
Dilworth,7365,4365
Edmonson,7365,4365
Menon,7365,4365
Walcott,7368,4363
Fortney,7369,4362
Willie,7370,4361
Garver,7371,4360
Pastrana,7371,4360
Sain,7371,4360
Wagler,7371,4360
Kornegay,7375,4359
Via,7375,4359
Maple,7377,4358
Newson,7377,4358
Acree,7379,4357
Rhone,7380,4356
Shealy,7381,4355
Raygoza,7382,4354
Buckles,7383,4353
Fillmore,7383,4353
Blackford,7385,4352
Silas,7385,4352
Hallock,7387,4350
Bidwell,7388,4349
Cureton,7388,4349
Rolfe,7388,4349
Dehaven,7391,4348
Kellar,7391,4348
Esh,7393,4347
Reiser,7394,4346
Spratt,7394,4346
Surratt,7394,4346
Aubrey,7397,4345
Hudgens,7397,4345
Urquhart,7397,4345
Baucom,7400,4344
Millet,7400,4344
Sanjuan,7400,4344
Beamon,7403,4343
Bonnell,7403,4343
Krieg,7403,4343
Toland,7403,4343
Cargill,7407,4342
Raymundo,7407,4342
Woolf,7407,4342
Fussell,7410,4340
Nord,7410,4340
Rhyne,7410,4340
Oxford,7413,4339
Crossman,7414,4338
Harrold,7414,4338
Fontes,7416,4335
Mercurio,7416,4335
Jacquez,7418,4334
Dixson,7419,4333
Ebersole,7420,4331
Markowitz,7420,4331
Blades,7422,4330
Edgerton,7423,4329
Litton,7423,4329
Weese,7423,4329
Resnick,7426,4327
Almodovar,7427,4326
Jaber,7428,4325
Sandler,7428,4325
Ealy,7430,4323
Spector,7430,4323
Holler,7432,4322
Alfano,7433,4321
Cantor,7433,4321
Cardinal,7433,4321
Jama,7433,4321
Kyles,7433,4321
Massaro,7433,4321
Sherer,7433,4321
Pete,7440,4320
Wysocki,7440,4320
Gurney,7442,4319
Swick,7442,4319
Froehlich,7444,4318
Omara,7444,4318
Brammer,7446,4317
Lodge,7446,4317
Raper,7446,4317
Tower,7449,4316
Clapper,7450,4315
Hackworth,7451,4314
Six,7452,4313
Eldredge,7453,4312
Liston,7453,4312
Uy,7453,4312
Vanhouten,7456,4311
Yingling,7457,4310
Caudillo,7458,4309
Lower,7458,4309
Macaluso,7458,4309
Lepore,7461,4308
Roof,7461,4308
Breckenridge,7463,4307
Parke,7463,4307
Reiff,7465,4306
Wyche,7465,4306
Moncrief,7467,4305
Sauter,7467,4305
Sherpa,7469,4304
Moxley,7470,4303
Stgermain,7470,4303
Borrero,7472,4301
Falco,7473,4300
Cipriano,7474,4299
Desjardins,7475,4298
Labonte,7475,4298
Auguste,7477,4297
Leduc,7478,4295
Urbano,7478,4295
Gamino,7480,4294
Ogletree,7480,4294
Shilling,7480,4294
Tingle,7480,4294
Kroeger,7484,4292
Sacks,7484,4292
Eldred,7486,4290
Thiele,7487,4289
Valley,7488,4286
Gonsalez,7489,4285
Barrington,7490,4284
Higley,7490,4284
Beggs,7492,4283
Menefee,7492,4283
Otte,7492,4283
Belden,7495,4282
Ito,7495,4282
Piatt,7495,4282
Wroblewski,7495,4282
Serafin,7499,4281
Chenoweth,7500,4280
Peachey,7500,4280
Senior,7500,4280
Woodland,7500,4280
Crim,7504,4279
Duty,7504,4279
Huck,7504,4279
Englert,7507,4278
Tabb,7507,4278
Whitener,7507,4278
Dabbs,7510,4277
Manis,7510,4277
Feaster,7512,4276
Rozier,7512,4276
Boldt,7514,4275
Hannigan,7514,4275
Staats,7514,4275
Feinberg,7517,4273
Topete,7518,4272
Barley,7519,4271
Moten,7520,4268
Beaton,7521,4267
Fulk,7521,4267
Pfeffer,7521,4267
Dressler,7524,4264
Alleyne,7525,4263
Spano,7526,4260
Herd,7527,4259
Matsumoto,7527,4259
Eckhardt,7529,4258
Gluck,7529,4258
Mcnaughton,7529,4258
Larocca,7532,4257
Lazarus,7532,4257
Delreal,7534,4256
Kellner,7534,4256
Lapierre,7534,4256
Sotomayor,7534,4256
Maley,7538,4253
Salman,7538,4253
Dubon,7540,4252
Leak,7540,4252
Mcfarlin,7540,4252
Gaul,7543,4251
Grube,7543,4251
Berner,7545,4250
Grass,7546,4247
Llanos,7547,4244
Ratcliffe,7547,4244
Blas,7549,4243
Leatherwood,7549,4243
Rinker,7549,4243
Caine,7552,4242
Jessen,7552,4242
Rothwell,7554,4241
Zander,7555,4239
Hans,7556,4238
Silvestri,7556,4238
Zorn,7558,4237
Amezquita,7559,4236
Chisolm,7559,4236
Finkelstein,7559,4236
Marcial,7559,4236
Pisano,7559,4236
Sisneros,7559,4236
Blizzard,7565,4235
Hulett,7565,4235
Mellott,7567,4233
Pelkey,7567,4233
Shockey,7567,4233
Huntsman,7570,4232
Bostwick,7571,4231
Converse,7571,4231
Cordeiro,7573,4230
Hardeman,7573,4230
Odum,7573,4230
Heng,7576,4229
Qu,7577,4227
Soucy,7578,4226
Kangas,7579,4225
Dash,7580,4224
Mcnew,7580,4224
Theobald,7580,4224
Stotts,7583,4222
Bible,7584,4221
Angus,7585,4220
Arneson,7585,4220
Botts,7587,4219
Ivie,7588,4218
Livengood,7588,4218
Morillo,7588,4218
Futch,7591,4217
Cassady,7592,4215
Rushton,7592,4215
Bolinger,7594,4214
Nealy,7595,4213
Nightingale,7596,4212
Ruhl,7597,4210
Delapena,7598,4209
Moultrie,7598,4209
Bosco,7600,4208
Calixto,7600,4208
Pell,7600,4208
Almendarez,7603,4207
Maye,7604,4206
Brunelle,7605,4205
Timberlake,7606,4204
Breslin,7607,4203
Dickenson,7608,4201
Severino,7609,4195
Schutt,7610,4194
Stockdale,7610,4194
Balderrama,7612,4193
Bilodeau,7613,4191
Claypool,7613,4191
Yung,7613,4191
Hammon,7616,4190
Valera,7616,4190
Levasseur,7618,4189
Giglio,7619,4187
Litchfield,7620,4186
Melanson,7620,4186
Prevost,7620,4186
Campagna,7623,4185
Mcandrew,7623,4185
Smedley,7623,4185
Whitted,7623,4185
Timms,7627,4184
Sen,7628,4183
Mancia,7629,4182
Lindemann,7630,4181
Monte,7630,4181
Owings,7630,4181
Vasguez,7630,4181
Wolter,7630,4181
Silverio,7635,4179
Asuncion,7636,4178
Smythe,7636,4178
Cataldo,7638,4177
Gard,7638,4177
Hilario,7638,4177
Bessette,7641,4175
Haygood,7641,4175
Kowal,7641,4175
Melville,7641,4175
Zermeno,7641,4175
Coblentz,7646,4174
Landes,7646,4174
Pilkington,7648,4172
Plumb,7648,4172
Towers,7648,4172
Alejandre,7651,4171
Holifield,7651,4171
Stenger,7651,4171
Kratz,7654,4170
Aitken,7655,4169
Macdougall,7655,4169
Bedwell,7657,4168
Bonney,7657,4168
Seibel,7657,4168
Yancy,7657,4168
Carlsen,7661,4167
Conard,7661,4167
Brogdon,7663,4166
Guillot,7663,4166
Mattern,7663,4166
Croom,7666,4165
Tooley,7666,4165
Andujar,7668,4164
Mecham,7668,4164
Alcazar,7670,4163
Pathak,7670,4163
Tharpe,7670,4163
Hinshaw,7673,4161
Moynihan,7674,4159
Struble,7674,4159
Croteau,7676,4158
Grau,7676,4158
Meh,7676,4158
Bottoms,7679,4157
Haws,7679,4157
Aman,7681,4156
Stites,7681,4156
Jun,7683,4155
Suber,7684,4154
Cozart,7685,4153
Fraire,7685,4153
Arbuckle,7687,4152
Binns,7687,4152
Mckibben,7687,4152
Barta,7690,4151
Favors,7691,4150
Fudge,7691,4150
Doggett,7693,4149
Judson,7694,4148
Kilby,7694,4148
Gilles,7696,4147
Highsmith,7696,4147
Newlin,7696,4147
Trump,7699,4146
Espitia,7700,4145
Hepler,7700,4145
Holst,7702,4144
Peery,7702,4144
Barbieri,7704,4143
Mcquade,7704,4143
Orange,7704,4143
Savino,7704,4143
Sunderland,7704,4143
Hudspeth,7709,4142
Duquette,7710,4141
Waring,7711,4140
Newport,7712,4139
Boden,7713,4138
Khanna,7713,4138
Music,7713,4138
Paradise,7713,4138
Tolman,7717,4135
Puryear,7718,4134
Strachan,7718,4134
Wachter,7718,4134
Adan,7721,4133
Dambrosio,7721,4133
Abate,7723,4132
Jeffcoat,7723,4132
Lunn,7723,4132
Delcastillo,7726,4131
Grimaldi,7726,4131
Loudermilk,7726,4131
Medel,7726,4131
Olea,7726,4131
Esser,7731,4127
Boykins,7732,4124
Merz,7732,4124
Niemeyer,7732,4124
Encinas,7735,4123
Mackinnon,7735,4123
Liggett,7737,4122
Sultan,7737,4122
Hance,7739,4121
Perreault,7740,4120
Castorena,7741,4119
Garfield,7741,4119
Lopezlopez,7743,4117
Archambault,7744,4116
Cueva,7744,4116
Eidson,7746,4115
Guaman,7747,4114
Klatt,7748,4112
Mccowan,7749,4111
Sweitzer,7749,4111
Coen,7751,4110
Dominick,7751,4110
Kinsella,7751,4110
Teasley,7751,4110
Leverett,7755,4109
Cullum,7756,4108
Lema,7756,4108
Wine,7756,4108
Clare,7759,4107
Erdmann,7759,4107
Smock,7759,4107
Vanness,7759,4107
Sartin,7763,4106
Heise,7764,4105
Grizzle,7765,4103
Chinchilla,7766,4102
Koh,7767,4101
Oxley,7767,4101
Paschall,7767,4101
Mellon,7770,4099
Moorhead,7770,4099
Conlin,7772,4098
Hartford,7773,4096
Klassen,7773,4096
Otten,7773,4096
Powe,7773,4096
Colston,7777,4095
Holliman,7777,4095
Antonelli,7779,4094
Salamanca,7780,4093
Weidman,7780,4093
Casale,7782,4092
Maroney,7782,4092
Natividad,7782,4092
Walk,7782,4092
Chick,7786,4091
Morfin,7786,4091
Bradfield,7788,4090
Zaidi,7789,4089
Ramer,7790,4088
Mertens,7791,4087
Sussman,7791,4087
Neu,7793,4086
Drum,7794,4085
Mathur,7794,4085
Leopold,7796,4084
Marinelli,7796,4084
Mccollough,7796,4084
Mote,7799,4083
Waltman,7800,4081
Whitacre,7800,4081
Beaudry,7802,4080
Butterworth,7803,4079
Raymer,7804,4078
Cavanagh,7805,4077
Mitchel,7805,4077
Seger,7807,4076
Boyett,7808,4075
Gambill,7808,4075
Swindell,7810,4073
Reina,7811,4072
Rhee,7811,4072
Tarrant,7811,4072
Shope,7814,4071
Bridgeman,7815,4070
Cosentino,7815,4070
Winger,7815,4070
Kushner,7818,4069
Tester,7818,4069
Breuer,7820,4068
Mcglynn,7820,4068
Atwater,7822,4065
Coomer,7822,4065
Swart,7822,4065
Lasher,7825,4064
Lady,7826,4063
Raj,7826,4063
Lan,7828,4062
Percy,7828,4062
Thies,7828,4062
Coss,7831,4061
Mariani,7831,4061
Strang,7831,4061
Dandridge,7834,4060
Stedman,7834,4060
Danforth,7836,4059
Hallmark,7837,4058
June,7837,4058
Straight,7837,4058
Tristan,7837,4058
Wilfong,7837,4058
Forsberg,7842,4057
Mortenson,7842,4057
Shuster,7844,4056
Sundberg,7844,4056
Tucci,7844,4056
Minnich,7847,4054
Tittle,7847,4054
Bao,7849,4053
Diez,7850,4052
Wargo,7850,4052
Worthen,7850,4052
Hinckley,7853,4050
Remy,7853,4050
Cavender,7855,4049
Curcio,7855,4049
Gregor,7855,4049
Latorre,7855,4049
Standley,7855,4049
Hopp,7860,4048
Philpott,7860,4048
Yoshida,7860,4048
Nero,7863,4047
Ospina,7863,4047
Greeley,7865,4046
Lovely,7865,4046
Shabazz,7865,4046
Wert,7865,4046
Copenhaver,7869,4045
Landreth,7869,4045
Devaney,7871,4044
Hollifield,7871,4044
Witter,7871,4044
Wrobel,7871,4044
Depalma,7875,4043
Drennan,7876,4041
Gerhart,7876,4041
Nilson,7876,4041
Driskell,7879,4039
Dunlop,7879,4039
Jiles,7881,4038
Lent,7881,4038
Arcos,7883,4037
Breton,7883,4037
Constant,7883,4037
Wideman,7883,4037
Bhattarai,7887,4036
Buller,7887,4036
Birdwell,7889,4035
Chenault,7889,4035
Higuera,7889,4035
Callan,7892,4034
Wald,7892,4034
Householder,7894,4033
Rosenblum,7894,4033
Shults,7894,4033
Witham,7894,4033
Saltzman,7898,4032
Thurber,7898,4032
Bloodworth,7900,4031
Pinder,7900,4031
Lillie,7902,4030
Snapp,7902,4030
Bowyer,7904,4029
Niemann,7904,4029
Wirtz,7904,4029
Levan,7907,4028
Boy,7908,4027
Shanley,7908,4027
Brook,7910,4025
Pompa,7910,4025
Wulf,7910,4025
Gideon,7913,4023
Renshaw,7913,4023
Santo,7915,4022
Bieber,7916,4021
Pigg,7916,4021
Reidy,7916,4021
Carrero,7919,4020
Rook,7919,4020
Kilburn,7921,4019
Pal,7921,4019
Halter,7923,4018
Lafond,7923,4018
Gama,7925,4017
Fetters,7926,4016
Heuer,7926,4016
Albin,7928,4015
Hazard,7929,4013
Hertz,7929,4013
Dones,7931,4012
Leasure,7931,4012
Chesney,7933,4011
Mangrum,7933,4011
Mcphee,7933,4011
Noyola,7933,4011
Pendley,7933,4011
Rick,7938,4009
Bussell,7939,4008
Perri,7940,4007
Persons,7941,4006
Leininger,7942,4004
Mcauley,7942,4004
Flickinger,7944,4003
Roseberry,7945,4002
Stivers,7945,4002
Dantzler,7947,4001
Cottingham,7948,3999
Boozer,7949,3998
Roop,7949,3998
Poynter,7951,3997
Batchelder,7952,3996
Kirschner,7953,3995
Jessee,7954,3994
Braithwaite,7955,3993
Digiovanni,7955,3993
Fortson,7955,3993
Gottschalk,7955,3993
Knorr,7955,3993
Butz,7960,3992
Schram,7960,3992
Lauderdale,7962,3990
Nottingham,7962,3990
Mccready,7964,3989
Saddler,7964,3989
Anwar,7966,3988
Ivanov,7967,3986
Murguia,7967,3986
Rodney,7967,3986
Shiver,7967,3986
Peele,7971,3985
Chauvin,7972,3984
Utter,7972,3984
Depriest,7974,3983
Mullens,7974,3983
Skelly,7974,3983
Bednar,7977,3981
Spina,7977,3981
Stickney,7977,3981
Valderrama,7977,3981
Carleton,7981,3980
Cortese,7981,3980
Pawlak,7981,3980
Souders,7981,3980
Bartell,7985,3979
Dicks,7985,3979
Desmarais,7987,3978
Annis,7988,3977
Gillman,7988,3977
Laskowski,7988,3977
Chand,7991,3976
Pereyra,7991,3976
Belmonte,7993,3975
Lasley,7993,3975
Mukherjee,7993,3975
Pasillas,7993,3975
Poteet,7993,3975
Wortman,7993,3975
Armitage,7999,3974
Hartsfield,7999,3974
Brar,8001,3972
Mcentire,8002,3971
Rademacher,8002,3971
Santangelo,8002,3971
Countryman,8005,3970
Isham,8005,3970
Hartz,8007,3969
Warrington,8007,3969
Mori,8009,3968
Bakken,8010,3967
Bevan,8010,3967
Feeley,8012,3966
Smit,8012,3966
Barefoot,8014,3965
Eddings,8014,3965
Manrique,8014,3965
Rutland,8014,3965
Kittle,8018,3964
Muldoon,8018,3964
Niemi,8018,3964
Firestone,8021,3963
Aguinaga,8022,3962
Hassler,8022,3962
Kirkham,8022,3962
Finnerty,8025,3961
Aggarwal,8026,3960
Bono,8026,3960
Bucio,8026,3960
Hagedorn,8029,3959
Laborde,8030,3958
Marotta,8030,3958
Crowther,8032,3957
Esteves,8032,3957
Ginsberg,8032,3957
Hao,8032,3957
Brawley,8036,3956
Edmiston,8036,3956
Gatto,8038,3955
Blow,8039,3954
Josey,8040,3953
Plourde,8040,3953
Tessier,8040,3953
Dimarco,8043,3952
Kitts,8044,3949
Brownfield,8045,3948
Macarthur,8045,3948
Plumley,8045,3948
Clift,8048,3947
Rayner,8048,3947
Burkey,8050,3946
Kucera,8050,3946
Prakash,8050,3946
Doster,8053,3945
Knopp,8054,3944
Halpern,8055,3943
Lovelady,8055,3943
Lingle,8057,3942
Towle,8057,3942
Wanner,8057,3942
Fritsch,8060,3941
Fulford,8060,3941
Fragoso,8062,3940
Jost,8062,3940
Willman,8064,3939
Chatham,8065,3938
Umanzor,8065,3938
Cheeks,8067,3936
Moller,8067,3936
Bibbs,8069,3935
Murchison,8070,3934
Bevins,8071,3933
Granillo,8071,3933
Lawyer,8071,3933
Loos,8071,3933
Gallimore,8075,3932
Matt,8076,3931
Mayne,8076,3931
Blosser,8078,3929
Tillotson,8079,3928
Murdoch,8080,3927
Janke,8081,3926
Weekley,8081,3926
Despain,8083,3925
Elledge,8083,3925
Gehrke,8083,3925
Holston,8083,3925
Palencia,8083,3925
Shetty,8088,3924
Hackman,8089,3923
Karki,8090,3922
Mullaney,8090,3922
San,8090,3922
Dingle,8093,3921
Tennyson,8093,3921
Tullis,8093,3921
Blackshear,8096,3919
Chancellor,8096,3919
Guerrier,8096,3919
Seltzer,8096,3919
Swaney,8096,3919
Thoma,8096,3919
Belle,8102,3918
Gober,8102,3918
Norfleet,8104,3917
Dicarlo,8105,3916
Kellam,8105,3916
Ketcham,8105,3916
Nilsen,8108,3915
Brawner,8109,3914
Hinojos,8109,3914
Waldon,8111,3912
Trott,8112,3910
Sokolowski,8113,3908
Trusty,8114,3907
Ting,8115,3906
Diller,8116,3905
Hakim,8116,3905
Lydon,8116,3905
Cleland,8119,3904
Hermes,8119,3904
Tutt,8119,3904
Dibenedetto,8122,3903
Husted,8123,3902
Gamache,8124,3901
Hibbert,8124,3901
Obryant,8126,3900
Tenant,8126,3900
Hardiman,8128,3899
Mcgarvey,8128,3899
Riehl,8130,3898
Borkowski,8131,3896
Rochester,8131,3896
Mathison,8133,3895
Pohlman,8133,3895
Bumgardner,8135,3894
Gullett,8135,3894
Kerby,8135,3894
Ludlow,8135,3894
Veras,8135,3894
Howarth,8140,3893
Marchetti,8140,3893
Florio,8142,3892
Harbour,8142,3892
Seeger,8142,3892
Poulsen,8145,3891
Snelling,8145,3891
Felker,8147,3890
Flake,8147,3890
Shahid,8149,3889
Bunton,8150,3888
Ippolito,8150,3888
Hoey,8152,3886
Palladino,8152,3886
Wages,8152,3886
Hilburn,8155,3885
Kittrell,8155,3885
Sikorski,8155,3885
Ardoin,8158,3884
Bixby,8158,3884
Northrop,8158,3884
Casares,8161,3883
Corpus,8161,3883
Deans,8161,3883
Alleman,8164,3882
Autrey,8164,3882
Blakeney,8164,3882
Saba,8164,3882
Sanfilippo,8164,3882
Sperling,8164,3882
Sutphin,8164,3882
Wah,8164,3882
Kastner,8172,3881
Bloomer,8173,3880
Gales,8173,3880
Brundage,8175,3879
Florian,8175,3879
Hartsell,8175,3879
Lebrun,8175,3879
Schreck,8175,3879
Vannoy,8175,3879
Weisman,8175,3879
Beech,8182,3878
Schooley,8182,3878
Eklund,8184,3877
Espana,8184,3877
Rideout,8184,3877
Grainger,8187,3876
Kamal,8187,3876
Labbe,8187,3876
Sheaffer,8190,3875
Strasser,8190,3875
Derose,8192,3874
Glisson,8192,3874
Treece,8194,3873
Heron,8195,3870
Holzer,8195,3870
Quackenbush,8195,3870
Harvell,8198,3869
Zazueta,8198,3869
Shouse,8200,3868
Beltz,8201,3867
Fitzwater,8201,3867
Largent,8203,3866
Looper,8203,3866
Meissner,8203,3866
Carraway,8206,3865
Czarnecki,8206,3865
Mccourt,8206,3865
Papp,8209,3864
Salim,8209,3864
Larrabee,8211,3863
Kugler,8212,3862
Force,8213,3861
Olin,8213,3861
Herald,8215,3860
Kean,8215,3860
Debord,8217,3859
Medford,8217,3859
Wacker,8217,3859
Alton,8220,3858
Bains,8220,3858
Borjas,8220,3858
Crew,8220,3858
Krull,8220,3858
Pitchford,8220,3858
Renter,8220,3858
Till,8220,3858
Ancheta,8228,3857
Chai,8228,3857
Duffield,8230,3855
Howie,8230,3855
Kasten,8230,3855
Kenner,8230,3855
Nunnally,8234,3854
Penland,8234,3854
Grosso,8236,3853
Pellegrini,8237,3852
Waddle,8237,3852
Coreas,8239,3851
Danley,8239,3851
Gorton,8239,3851
Pelfrey,8239,3851
Lagos,8243,3850
Lail,8243,3850
Roca,8243,3850
Wiebe,8243,3850
Jahnke,8247,3849
Lowther,8247,3849
Motta,8247,3849
Farfan,8250,3848
Waldner,8250,3848
Canning,8252,3847
Frisby,8252,3847
Nystrom,8254,3846
Rothstein,8254,3846
Villafuerte,8254,3846
Donegan,8257,3845
Hinkley,8258,3844
Shaheen,8258,3844
Tetreault,8260,3843
Delisle,8261,3842
Legaspi,8261,3842
Bowker,8263,3841
Brannen,8263,3841
Deas,8263,3841
Messier,8263,3841
Tippett,8263,3841
Adorno,8268,3838
Vazguez,8268,3838
Wengerd,8268,3838
Lesher,8271,3837
Nickles,8272,3835
Saez,8272,3835
Swartzentruber,8272,3835
Hellman,8275,3833
Prouty,8276,3832
Crumley,8277,3831
Mcanally,8277,3831
Brainard,8279,3830
Brodeur,8279,3830
Mcgann,8279,3830
Lieu,8282,3829
Woodhouse,8282,3829
Ressler,8284,3828
Trevizo,8284,3828
Gillard,8286,3825
Humbert,8286,3825
Jalloh,8286,3825
Stoops,8286,3825
Weathersby,8286,3825
Brodsky,8291,3824
Bunce,8291,3824
Crank,8291,3824
Adelman,8294,3823
Boger,8294,3823
Gallup,8294,3823
Tollefson,8294,3823
Maines,8298,3822
Momin,8298,3822
Torre,8298,3822
Kiger,8301,3821
Krupa,8301,3821
Lindo,8301,3821
Reisinger,8301,3821
Basinger,8305,3820
Schaffner,8305,3820
Drumm,8307,3819
Maurice,8307,3819
Hockenberry,8309,3816
Lobato,8309,3816
Harville,8311,3815
Borchardt,8312,3813
Towner,8312,3813
Zamorano,8312,3813
Paden,8315,3812
Bedoya,8316,3810
Daye,8317,3809
Hertel,8317,3809
Riccio,8317,3809
Sison,8317,3809
Aho,8321,3808
Benford,8321,3808
Terwilliger,8321,3808
Devereaux,8324,3807
Morell,8324,3807
Mounts,8324,3807
Parkin,8324,3807
Boe,8328,3806
Houlihan,8328,3806
Kaczmarek,8328,3806
Loo,8328,3806
Mele,8328,3806
Pavon,8328,3806
Rosier,8328,3806
Soileau,8328,3806
Edison,8336,3804
Solares,8336,3804
Grote,8338,3803
Tarantino,8338,3803
Renfrow,8340,3802
Charette,8341,3801
Deshpande,8341,3801
Vineyard,8341,3801
Kapp,8344,3800
Reinhard,8344,3800
Kurz,8346,3799
Digiacomo,8347,3798
Harner,8347,3798
Pursley,8347,3798
Raja,8347,3798
Graybill,8351,3797
Ambrosio,8352,3796
Goyal,8353,3795
Vella,8353,3795
Gautam,8355,3793
Shuck,8355,3793
Crandell,8357,3792
Hamman,8357,3792
Messinger,8357,3792
Trieu,8357,3792
Dewberry,8361,3791
Dunson,8361,3791
Housley,8361,3791
Sumrall,8364,3790
Balch,8365,3789
Kobayashi,8365,3789
Barto,8367,3788
Edson,8367,3788
Hardie,8367,3788
Lepe,8367,3788
Rondeau,8367,3788
Reveles,8372,3787
Selman,8372,3787
Hoard,8374,3785
Lezama,8374,3785
Peart,8374,3785
Greenleaf,8377,3784
Posadas,8377,3784
Sequeira,8377,3784
Shoop,8377,3784
Ndiaye,8381,3783
Rye,8381,3783
Gallaher,8383,3782
Huth,8383,3782
Kam,8383,3782
Raleigh,8383,3782
Geier,8387,3781
Jardine,8387,3781
List,8387,3781
Haughton,8390,3780
Kolar,8390,3780
Plasencia,8390,3780
Slay,8390,3780
Mceachern,8394,3779
Caruthers,8395,3778
Kale,8395,3778
Murphree,8397,3777
Templin,8397,3777
Townley,8397,3777
Beadle,8400,3775
Chien,8400,3775
Lillard,8400,3775
Risley,8400,3775
Xavier,8400,3775
Cesar,8405,3774
Jump,8405,3774
Ang,8407,3773
Wilcher,8407,3773
Wiser,8407,3773
Crafton,8410,3772
Dunford,8410,3772
Zuber,8410,3772
Saxena,8413,3771
Woosley,8413,3771
Cancel,8415,3770
Hewlett,8415,3770
Plowman,8415,3770
Shackleford,8418,3769
Charron,8419,3768
Fiske,8419,3768
Fortunato,8419,3768
Wilkey,8419,3768
Griner,8423,3766
Pegues,8423,3766
Custodio,8425,3765
Wisner,8425,3765
Bergquist,8427,3764
Stella,8428,3763
Eskridge,8429,3762
Herren,8429,3762
Rondon,8431,3761
Taliaferro,8432,3760
Polson,8433,3759
Southwick,8433,3759
Aston,8435,3758
Faith,8435,3758
Odle,8435,3758
Lechner,8438,3757
Mefford,8438,3757
Pastore,8438,3757
Pegram,8438,3757
Cater,8442,3756
Emmert,8442,3756
Hollingshead,8442,3756
Strouse,8442,3756
Bergin,8446,3755
Shedd,8446,3755
Shulman,8446,3755
Chancey,8449,3752
Hudnall,8449,3752
Avilez,8451,3751
Murphey,8452,3750
Alderete,8453,3749
Callejas,8453,3749
Hazzard,8453,3749
Mulvey,8453,3749
Bachmann,8457,3748
Baptista,8458,3747
Bertsch,8458,3747
Bigler,8458,3747
Caplan,8458,3747
Winner,8462,3746
Fleischer,8463,3745
Grimmett,8463,3745
Densmore,8465,3744
Simental,8465,3744
Wardell,8465,3744
Sawicki,8468,3742
Derry,8469,3741
Dutra,8469,3741
Bansal,8471,3739
Blakey,8471,3739
Congdon,8471,3739
Brian,8474,3738
Steinbach,8474,3738
Bos,8476,3737
Craver,8476,3737
Markel,8476,3737
Sabol,8479,3736
Ashburn,8480,3734
Charley,8480,3734
Croy,8482,3733
Cueto,8482,3733
Carruth,8484,3732
Sin,8485,3731
Gilliard,8486,3730
Gilroy,8486,3730
Kantor,8486,3730
Moton,8486,3730
Piercy,8486,3730
Auger,8491,3729
Cowden,8491,3729
Krol,8491,3729
Kutz,8491,3729
Roblero,8491,3729
Surber,8491,3729
Cheema,8497,3728
Kaminsky,8498,3727
Collard,8499,3726
Malin,8499,3726
Schiff,8499,3726
Fant,8502,3725
Mains,8503,3724
Silvestre,8503,3724
Stroman,8505,3722
Bing,8506,3721
Paquin,8506,3721
Gilreath,8508,3718
Mcglothlin,8508,3718
Burnell,8510,3717
Emmanuel,8511,3716
Dameron,8512,3714
Dement,8512,3714
Schlesinger,8512,3714
Wadley,8512,3714
Ice,8516,3713
Zaldivar,8516,3713
Livesay,8518,3712
Colman,8519,3711
Samayoa,8520,3710
Stuck,8520,3710
Mazzola,8522,3709
Nice,8523,3708
Trussell,8523,3708
Durfee,8525,3707
Funkhouser,8526,3705
Germany,8526,3705
Par,8528,3704
Bonin,8529,3703
Sessoms,8529,3703
Chopra,8531,3702
Ensley,8531,3702
Lair,8531,3702
Springs,8531,3702
Bibb,8535,3701
Prickett,8535,3701
Scudder,8535,3701
Shroyer,8535,3701
Steiger,8535,3701
Carrick,8540,3700
Harty,8540,3700
Mcalpine,8540,3700
Lukas,8543,3699
Champlin,8544,3698
Soles,8544,3698
Battista,8546,3697
Steinman,8546,3697
Nipper,8548,3696
Spry,8548,3696
Rein,8550,3695
Bose,8551,3693
Haack,8551,3693
Lucia,8551,3693
Stelly,8551,3693
Goings,8555,3692
Warnick,8555,3692
Essex,8557,3690
Lamp,8557,3690
Rabon,8557,3690
Mackin,8560,3689
Priester,8560,3689
Welling,8560,3689
Freeze,8563,3688
Hufford,8563,3688
Janson,8565,3687
Applewhite,8566,3686
Lacour,8566,3686
Mcabee,8566,3686
Mcelhaney,8566,3686
Shanklin,8566,3686
Stallard,8566,3686
Clyde,8572,3685
Deville,8572,3685
Blaisdell,8574,3684
Knighten,8574,3684
Molitor,8574,3684
Anson,8577,3682
Durkee,8577,3682
Leyba,8579,3681
Mcgowen,8580,3680
Mcsweeney,8581,3679
Winans,8582,3678
Burrus,8583,3676
Kindle,8583,3676
Lafave,8583,3676
Rafael,8583,3676
Wexler,8583,3676
Willette,8583,3676
Ayoub,8589,3674
Mckinzie,8590,3673
Mier,8590,3673
Rankins,8590,3673
Tunstall,8590,3673
Alder,8594,3672
Rembert,8594,3672
Eskew,8596,3670
Mccutchen,8596,3670
Milian,8596,3670
Cristobal,8599,3669
Hurlburt,8599,3669
Giffin,8601,3668
Souder,8601,3668
Bridgewater,8603,3667
Bilbrey,8604,3666
Crisostomo,8605,3665
Groh,8605,3665
Rennie,8605,3665
Vivas,8608,3664
Geronimo,8609,3663
Imhoff,8609,3663
Gordy,8611,3661
Fitz,8612,3660
Kalinowski,8612,3660
Sirois,8612,3660
Safi,8615,3659
Cothran,8616,3658
Galeano,8616,3658
Nay,8616,3658
Bashir,8619,3657
Conwell,8619,3657
Oday,8619,3657
Hames,8622,3656
Schade,8623,3654
Zeman,8623,3654
Jemison,8625,3653
Azar,8626,3652
Mastin,8626,3652
Hollar,8628,3651
Abbasi,8629,3650
Winkle,8629,3650
Mui,8631,3649
Braley,8632,3648
Dimaggio,8632,3648
Heaney,8632,3648
Silvey,8632,3648
Holstein,8636,3647
Macomber,8636,3647
Merryman,8636,3647
Tye,8636,3647
Work,8636,3647
Dunphy,8641,3646
Henninger,8641,3646
Avitia,8643,3645
Celestine,8643,3645
Goel,8645,3644
Lotz,8645,3644
Makowski,8645,3644
Polite,8645,3644
Bressler,8649,3642
Hoekstra,8649,3642
Caulfield,8651,3641
Alter,8652,3640
Rhine,8652,3640
Eady,8654,3639
Mccarley,8655,3638
Mahone,8656,3637
Bullington,8657,3636
Geddes,8657,3636
Mickle,8657,3636
Mitchum,8657,3636
Coots,8661,3635
Blackmore,8662,3634
Knuth,8662,3634
Baek,8664,3633
Braga,8664,3633
Flower,8664,3633
Lafontaine,8664,3633
Lepage,8664,3633
Sainz,8664,3633
Broadbent,8670,3632
Ciccone,8670,3632
Kiss,8670,3632
Mendonca,8670,3632
Polito,8670,3632
Schock,8670,3632
Trost,8670,3632
Garciahernandez,8677,3631
Traynor,8677,3631
Klingler,8679,3630
Triana,8679,3630
Ugalde,8679,3630
Bonnett,8682,3627
Colucci,8682,3627
Forehand,8682,3627
Kautz,8682,3627
Zucker,8686,3626
Celestin,8687,3625
Cuenca,8687,3625
Licea,8687,3625
Rettig,8687,3625
Straw,8687,3625
Bechtold,8692,3624
Mickey,8692,3624
Westerfield,8692,3624
Vancleave,8695,3623
Wheelock,8695,3623
Mcvicker,8697,3622
Mosquera,8697,3622
Stetson,8697,3622
Lou,8700,3619
Adamo,8701,3618
Bracy,8701,3618
Frisbie,8701,3618
Smeltzer,8701,3618
Danna,8705,3617
Gish,8705,3617
Pollak,8705,3617
Pinzon,8708,3616
Hagood,8709,3615
Birchfield,8710,3614
Blanc,8711,3613
Gribble,8711,3613
Grundy,8711,3613
Polo,8711,3613
Fleetwood,8715,3612
Gagliano,8715,3612
Glasser,8715,3612
Hersey,8715,3612
Guillaume,8719,3611
Riggle,8719,3611
Bosse,8721,3609
Burlingame,8721,3609
Mangold,8721,3609
Scarberry,8721,3609
Presnell,8725,3608
Sternberg,8725,3608
Segarra,8727,3607
Wentzel,8727,3607
Winkelman,8727,3607
Zabel,8727,3607
Rummel,8731,3606
Demars,8732,3605
Gardea,8732,3605
Laux,8732,3605
Board,8735,3604
Kates,8735,3604
Margolis,8735,3604
Michalak,8735,3604
Stiffler,8735,3604
Brunk,8740,3603
Just,8741,3602
Widner,8741,3602
Lasalle,8743,3601
Nick,8743,3601
Burdett,8745,3600
Maughan,8745,3600
Maus,8745,3600
Reichard,8745,3600
Caesar,8749,3599
Hiles,8749,3599
Kimura,8749,3599
Cover,8752,3597
Doshi,8752,3597
Hoyos,8752,3597
Millett,8752,3597
Girl,8756,3595
Sudduth,8756,3595
Jiminez,8758,3594
Ormsby,8758,3594
Eilers,8760,3593
Slavin,8760,3593
Chacko,8762,3592
Fortuna,8762,3592
Manalo,8762,3592
Tupper,8762,3592
Corrado,8766,3591
Gress,8766,3591
Mang,8766,3591
Santibanez,8769,3590
Leeds,8770,3589
Schuck,8770,3589
Schall,8772,3588
Ceniceros,8773,3587
Hernandes,8773,3587
Kamp,8773,3587
Lahr,8773,3587
Haberman,8777,3585
Coursey,8778,3584
Crotty,8778,3584
Liriano,8778,3584
Boulware,8781,3583
Hedden,8781,3583
Rentz,8781,3583
Lockridge,8784,3582
Marie,8784,3582
Malley,8786,3581
Burkes,8787,3580
Creek,8787,3580
Kessel,8787,3580
Mcroberts,8787,3580
Guillermo,8791,3579
Villela,8791,3579
Waiters,8791,3579
Winton,8791,3579
Jager,8795,3578
Schuette,8795,3578
Wendling,8795,3578
Bailon,8798,3577
Dela,8798,3577
Gulledge,8798,3577
Lark,8798,3577
Marvel,8798,3577
Mckim,8798,3577
Sather,8798,3577
Sealey,8805,3576
Werth,8805,3576
Leftwich,8807,3575
Merry,8807,3575
Pray,8807,3575
Horgan,8810,3574
Lavery,8810,3574
Caddell,8812,3572
Wagers,8812,3572
Dowden,8814,3570
Eder,8814,3570
Siegfried,8814,3570
Basso,8817,3569
Iraheta,8817,3569
Saito,8817,3569
Trail,8817,3569
Liggins,8821,3568
Press,8821,3568
Wolverton,8821,3568
Mcmurry,8824,3567
Teller,8824,3567
Becerril,8826,3566
Shubert,8826,3566
Eddins,8828,3564
Jessie,8828,3564
Chabot,8830,3562
Hansel,8830,3562
Echavarria,8832,3561
Thiessen,8832,3561
Weintraub,8832,3561
Epley,8835,3560
Alvis,8836,3559
Banker,8836,3559
Belisle,8838,3558
Reynaga,8838,3558
Stonge,8838,3558
Borland,8841,3557
Behr,8842,3556
Nascimento,8842,3556
Petrillo,8842,3556
Sesay,8842,3556
Wunderlich,8842,3556
Mannino,8847,3555
Peer,8847,3555
Bellows,8849,3554
Joaquin,8849,3554
Higa,8851,3553
Borst,8852,3551
Mcgaha,8852,3551
Nuss,8852,3551
Pifer,8852,3551
Dam,8856,3550
Ricciardi,8856,3550
Shoemake,8856,3550
Student,8856,3550
Arms,8860,3549
Bankhead,8860,3549
Hoopes,8860,3549
Pahl,8860,3549
Chadwell,8864,3548
Pai,8864,3548
Mcguigan,8866,3547
Oleson,8866,3547
Navarrette,8868,3546
Stromberg,8868,3546
Vogler,8870,3545
Ricardo,8871,3544
Lefler,8872,3543
Rasheed,8872,3543
Vereen,8872,3543
Lonergan,8875,3542
Subba,8875,3542
Wolfson,8875,3542
Eliason,8878,3541
Ginter,8878,3541
Loyola,8878,3541
Mathers,8878,3541
Tarin,8878,3541
Geiser,8883,3539
Jason,8883,3539
Moctezuma,8883,3539
Bonanno,8886,3538
Fanelli,8886,3538
Brittingham,8888,3537
Vieyra,8888,3537
Addis,8890,3535
Placencia,8890,3535
Roberto,8890,3535
Stalnaker,8890,3535
Wessels,8894,3534
Gibb,8895,3533
Malcom,8895,3533
Norvell,8895,3533
Andresen,8898,3531
Garcialopez,8898,3531
Meadors,8900,3530
Partain,8900,3530
Billington,8902,3529
Heinen,8902,3529
Sweatt,8902,3529
Lopezgarcia,8905,3528
Scheffler,8905,3528
Janis,8907,3527
Situ,8907,3527
Hake,8909,3526
Hosey,8909,3526
Nassar,8909,3526
Dulin,8912,3525
Popovich,8912,3525
Khadka,8914,3524
Dungan,8915,3523
Kessinger,8915,3523
Retana,8917,3522
Armentrout,8918,3521
Clardy,8918,3521
Karns,8918,3521
Sensenig,8918,3521
Auer,8922,3520
Groover,8922,3520
Ramage,8922,3520
Rourke,8922,3520
Bernhard,8926,3519
Cluff,8926,3519
Isenberg,8926,3519
Bakker,8929,3517
Nyberg,8929,3517
Argo,8931,3516
Sethi,8931,3516
Hirst,8933,3515
Weise,8933,3515
Embrey,8935,3514
Broadwater,8936,3513
Core,8936,3513
Julius,8936,3513
Robinett,8936,3513
Vanhook,8936,3513
Deitz,8941,3512
Northern,8941,3512
Franck,8943,3511
Merkle,8943,3511
Rehm,8943,3511
Fetter,8946,3510
Mcelwee,8946,3510
Millican,8946,3510
Neufeld,8946,3510
Giang,8950,3509
Mellor,8951,3508
Pumphrey,8951,3508
Seabolt,8951,3508
Sedillo,8951,3508
Stiltner,8951,3508
Hafer,8956,3507
Wilkens,8956,3507
Gan,8958,3506
Grindstaff,8958,3506
Pharr,8960,3505
Bhat,8961,3504
Dame,8961,3504
Defreitas,8963,3503
Lennox,8963,3503
Perlman,8963,3503
Rost,8963,3503
Terrones,8963,3503
Tobey,8963,3503
Baskerville,8969,3502
Sarkar,8969,3502
Swiger,8969,3502
Delorenzo,8972,3501
Tesch,8972,3501
Bowerman,8974,3500
Nowakowski,8974,3500
Brim,8976,3499
Jim,8976,3499
Amado,8978,3498
Luedtke,8979,3497
Vallejos,8979,3497
Earp,8981,3496
Marrow,8981,3496
Willhite,8981,3496
Dart,8984,3495
Toure,8984,3495
Frink,8986,3494
Cram,8987,3493
Laflamme,8987,3493
Marrufo,8987,3493
Cottrill,8990,3492
Laguerre,8990,3492
Ronan,8990,3492
Starcher,8990,3492
Teter,8990,3492
Killen,8995,3490
Mcgrady,8995,3490
Michaelson,8995,3490
Shears,8998,3489
Doctor,8999,3488
Drews,8999,3488
Fleenor,8999,3488
Lorenzen,8999,3488
Seth,8999,3488
Turek,8999,3488
Vierra,8999,3488
Geraci,9006,3487
Pye,9006,3487
Hathcock,9008,3486
Vidales,9008,3486
Carlo,9010,3485
Chuang,9010,3485
Markus,9010,3485
Enders,9013,3484
Bobb,9014,3483
Callis,9015,3482
Dills,9015,3482
Tims,9015,3482
Hepburn,9018,3480
Tarpley,9018,3480
Blackstone,9020,3478
Bogard,9021,3477
Bove,9021,3477
Lenoir,9021,3477
Marini,9021,3477
Shaik,9021,3477
Araya,9026,3474
Lavergne,9026,3474
Lease,9028,3473
Swinson,9028,3473
Matus,9030,3472
Pavlik,9030,3472
Villagran,9030,3472
Cann,9033,3471
Stansberry,9033,3471
Hernandezgarcia,9035,3470
Leitner,9035,3470
Oo,9035,3470
Burdine,9038,3469
Hubbs,9038,3469
Keister,9038,3469
Keo,9038,3469
Duren,9042,3468
Mcchesney,9042,3468
Spindler,9042,3468
Ballentine,9045,3467
Dear,9045,3467
Metts,9045,3467
Soukup,9045,3467
Zacharias,9045,3467
Zalewski,9045,3467
Kissel,9051,3466
Wiggs,9051,3466
Brathwaite,9053,3465
Dupuy,9053,3465
Hetzel,9053,3465
Cobian,9056,3464
Varnado,9056,3464
Files,9058,3463
Hermanson,9058,3463
Paiva,9058,3463
Staab,9058,3463
Vaillancourt,9058,3463
Garretson,9063,3462
Gingrich,9063,3462
Hoehn,9063,3462
Sanger,9063,3462
Velazco,9063,3462
Brazell,9068,3461
Dahal,9068,3461
Halcomb,9068,3461
Blaney,9071,3460
Comfort,9071,3460
Dehaan,9071,3460
Purser,9071,3460
Ullrich,9075,3459
Cusack,9076,3458
Sloane,9076,3458
Heins,9078,3457
Kennon,9078,3457
Neale,9078,3457
Borowski,9081,3456
Henn,9081,3456
Licata,9081,3456
Wimer,9081,3456
Campion,9085,3455
Barwick,9086,3454
Defelice,9086,3454
Boutin,9088,3453
Hawn,9088,3453
Lua,9088,3453
Miele,9088,3453
Cornelison,9092,3452
Gillam,9092,3452
Maine,9092,3452
Mcelveen,9092,3452
Moretti,9092,3452
Drain,9097,3451
Everette,9097,3451
Priebe,9097,3451
Bickham,9100,3450
Sigman,9101,3449
Barrie,9102,3448
Caston,9102,3448
Claus,9102,3448
Kerwin,9102,3448
Samano,9102,3448
Virgen,9102,3448
Arizmendi,9108,3447
Berard,9108,3447
Lindahl,9108,3447
Watterson,9108,3447
Membreno,9112,3446
Merced,9112,3446
Sheffer,9112,3446
Crossland,9115,3445
Riegel,9115,3445
Blumenthal,9117,3443
Feist,9117,3443
Matherne,9117,3443
Sealy,9117,3443
Jesse,9121,3442
Phoenix,9121,3442
Arciniega,9123,3441
Bazemore,9124,3440
Swink,9124,3440
Breault,9126,3439
Lesser,9126,3439
Springfield,9126,3439
Waterhouse,9126,3439
Shavers,9130,3438
Hollon,9131,3436
Lafountain,9131,3436
Provenzano,9131,3436
Lough,9134,3435
Preece,9134,3435
Anzalone,9136,3433
Sullins,9136,3433
Wolters,9138,3432
Ariza,9139,3431
Depina,9139,3431
Garciagarcia,9139,3431
Waites,9139,3431
Binion,9143,3430
Disney,9143,3430
Traver,9143,3430
Newbold,9146,3429
Wiest,9146,3429
Kubiak,9148,3428
Maiden,9148,3428
Patch,9148,3428
Woodside,9148,3428
Fey,9152,3427
Kass,9152,3427
Sandstrom,9152,3427
Ruch,9155,3426
Everitt,9156,3425
Widmer,9156,3425
Chafin,9158,3424
Delavega,9158,3424
Sustaita,9158,3424
Chasteen,9161,3423
Hamner,9161,3423
Josephson,9163,3422
Leboeuf,9163,3422
Salamone,9165,3421
Shotwell,9165,3421
Buckler,9167,3419
Dunkin,9167,3419
Fabela,9167,3419
Lavalley,9167,3419
Rosner,9171,3418
Louden,9172,3417
Quist,9172,3417
Zuckerman,9172,3417
Jacobi,9175,3415
Mishler,9175,3415
Fetzer,9177,3414
Campana,9178,3413
Mccusker,9178,3413
Tomaszewski,9178,3413
Weigand,9178,3413
Boney,9182,3412
Lowrance,9182,3412
Neiman,9182,3412
Cogan,9185,3411
Jarquin,9185,3411
Joubert,9187,3410
Lamontagne,9187,3410
Mcbrayer,9187,3410
Mullet,9187,3410
Galante,9191,3409
Loney,9191,3409
Fleischman,9193,3408
Niehaus,9194,3407
Patti,9194,3407
Thakur,9194,3407
Eakin,9197,3406
Pinkham,9197,3406
Vos,9197,3406
Yaeger,9197,3406
Hedge,9201,3405
Lambeth,9201,3405
Lizama,9201,3405
Vandusen,9201,3405
Albino,9205,3404
Klimek,9206,3403
Rael,9206,3403
Stoffel,9206,3403
Secrest,9209,3402
Corum,9210,3401
Mcadoo,9211,3400
Russel,9211,3400
Deras,9213,3398
Sale,9213,3398
Siciliano,9213,3398
Culley,9216,3397
Glasscock,9216,3397
Langham,9216,3397
Koger,9219,3396
Lopezhernandez,9219,3396
Mike,9221,3393
Riker,9221,3393
Batt,9223,3392
Knepper,9223,3392
Deegan,9225,3391
Delucia,9225,3391
Goodnight,9225,3391
Hine,9225,3391
Romans,9225,3391
Sahagun,9230,3390
Laine,9231,3389
Escudero,9232,3388
Mansell,9232,3388
Mcmillion,9234,3387
Mosely,9234,3387
Ashraf,9236,3386
Nicks,9236,3386
Shiflett,9236,3386
Jasinski,9239,3385
Krall,9239,3385
Diedrich,9241,3384
Jules,9241,3384
Demello,9243,3383
Mina,9243,3383
Boddie,9245,3382
Bozarth,9245,3382
Ericksen,9245,3382
Isley,9248,3381
Kayser,9248,3381
Marable,9248,3381
Nations,9248,3381
Eddington,9252,3380
Hohman,9253,3379
Morocho,9253,3379
Speaks,9253,3379
Turgeon,9253,3379
Mcglone,9257,3378
Tena,9258,3376
Brokaw,9259,3375
Zack,9259,3375
Salzman,9261,3374
Trigg,9261,3374
Mcpeak,9263,3373
Roberge,9263,3373
Drown,9265,3371
Garwood,9265,3371
Lutes,9265,3371
Ober,9265,3371
Vanhoose,9265,3371
Alamo,9270,3370
Berk,9270,3370
Davy,9270,3370
Geraghty,9273,3368
Partlow,9273,3368
Bolivar,9275,3367
Loring,9275,3367
Fulks,9277,3366
Hatter,9277,3366
Prine,9277,3366
Strayer,9277,3366
Poulson,9281,3365
Roseman,9281,3365
Tadlock,9281,3365
Boos,9284,3364
Cousin,9284,3364
Dahlberg,9284,3364
Falconer,9284,3364
Domingue,9288,3363
Lipinski,9288,3363
Goldenberg,9290,3361
Oyler,9290,3361
Gebhart,9292,3360
Millen,9292,3360
Ebner,9294,3359
Pineiro,9294,3359
Diorio,9296,3358
Hersh,9296,3358
Roemer,9296,3358
Sankey,9296,3358
Sowards,9296,3358
Tsui,9296,3358
Christner,9302,3357
Grieco,9302,3357
Ansley,9304,3356
Barthel,9304,3356
Redwine,9304,3356
Claros,9307,3355
Freer,9307,3355
Lares,9307,3355
Lueck,9307,3355
Schoenfeld,9307,3355
Stouffer,9307,3355
Bish,9313,3354
Cendejas,9313,3354
Colgan,9313,3354
Recio,9313,3354
Elswick,9317,3353
Spitz,9317,3353
Wendell,9317,3353
Beene,9320,3352
Escalona,9320,3352
Halvorsen,9320,3352
Hedlund,9320,3352
Rupe,9320,3352
Schleicher,9320,3352
Alsup,9326,3351
Foxworth,9326,3351
Horta,9326,3351
Pasquale,9326,3351
Kershner,9330,3350
Asencio,9331,3349
Hamed,9331,3349
Jimerson,9331,3349
Buettner,9334,3347
Omer,9334,3347
Tariq,9334,3347
Jakubowski,9337,3346
Smitherman,9338,3345
Bacchus,9339,3344
Cogswell,9339,3344
Joshua,9339,3344
Lerch,9339,3344
Merrifield,9339,3344
Bogue,9344,3343
Morman,9344,3343
Spies,9344,3343
Thibeault,9344,3343
Blatt,9348,3342
Cropper,9348,3342
Castelan,9350,3340
Haugh,9350,3340
Wehner,9350,3340
Wille,9350,3340
Chesnut,9354,3339
Dearman,9354,3339
Horstman,9356,3337
Sack,9356,3337
Stapp,9356,3337
Wines,9359,3335
Soltero,9360,3334
Strahan,9360,3334
Uriarte,9360,3334
Lamoureux,9363,3333
Troup,9363,3333
Braddy,9365,3332
Carlyle,9365,3332
Claussen,9365,3332
Hoelscher,9365,3332
Adamski,9369,3331
Bova,9369,3331
Glassman,9371,3330
Godin,9371,3330
Elia,9373,3329
Gilkey,9373,3329
Mcgruder,9373,3329
Stjean,9373,3329
Paulin,9377,3328
Shutt,9377,3328
Simonsen,9377,3328
Benning,9380,3327
Hartfield,9380,3327
Linehan,9380,3327
Paugh,9380,3327
Bethune,9384,3326
Krawczyk,9384,3326
Lung,9384,3326
Player,9387,3325
Alcocer,9388,3324
Deacon,9388,3324
Naumann,9388,3324
Cloyd,9391,3323
Hamdan,9391,3323
Hovis,9393,3322
Garciamartinez,9394,3320
Rabinowitz,9394,3320
Askins,9396,3319
Oshaughnessy,9396,3319
Redfern,9396,3319
Spaeth,9396,3319
Stoller,9396,3319
Genao,9401,3318
Pletcher,9401,3318
Shenk,9401,3318
Cicero,9404,3317
Rossetti,9404,3317
Frith,9406,3316
Chon,9407,3315
Glennon,9407,3315
Robillard,9407,3315
Confer,9410,3314
Hanke,9410,3314
Kerner,9410,3314
Hassett,9413,3313
Demaio,9414,3312
Bjork,9415,3311
Obando,9415,3311
Barreras,9417,3310
Lakey,9417,3310
Chapple,9419,3309
Davie,9420,3308
Basurto,9421,3307
Brunette,9421,3307
Bye,9421,3307
Motes,9421,3307
Mckown,9425,3306
Gongora,9426,3305
Eide,9427,3304
Heald,9427,3304
Peluso,9427,3304
Blakeman,9430,3302
Haviland,9430,3302
Mattos,9432,3301
Stutz,9432,3301
Chmielewski,9434,3300
Collum,9434,3300
Hoyer,9434,3300
Nauman,9437,3299
Recker,9437,3299
Routh,9437,3299
Colella,9440,3298
Klink,9440,3298
Bennet,9442,3297
Finke,9442,3297
Alverson,9444,3296
Lesko,9444,3296
Vale,9444,3296
Chouinard,9447,3295
Dutta,9447,3295
Kropp,9447,3295
Quesenberry,9447,3295
Rosenblatt,9447,3295
Stutts,9447,3295
Miah,9453,3294
Monterroso,9454,3293
Yau,9454,3293
Sunday,9456,3292
Cirillo,9457,3291
Kratzer,9457,3291
Grammer,9459,3290
Helgeson,9459,3290
Lemire,9459,3290
Kellerman,9462,3289
Ohalloran,9462,3289
Delacerda,9464,3288
Doak,9464,3288
Enoch,9464,3288
Heater,9464,3288
Monteleone,9464,3288
Hearne,9469,3287
Masse,9469,3287
Pitzer,9469,3287
Snavely,9469,3287
Krajewski,9473,3286
Speakman,9473,3286
Manor,9475,3285
Morano,9476,3283
Tanksley,9476,3283
Bolding,9478,3282
Byington,9478,3282
Havard,9478,3282
Leonhardt,9481,3281
Chiasson,9482,3280
Holmquist,9482,3280
Apt,9484,3279
Longmire,9484,3279
Nichol,9484,3279
Vanzant,9484,3279
Wamsley,9484,3279
Cruise,9489,3278
Meisner,9489,3278
Brockington,9491,3277
Holub,9491,3277
Nuttall,9491,3277
Record,9491,3277
Hegarty,9495,3276
Severance,9495,3276
Dunkle,9497,3275
Paynter,9497,3275
Bakke,9499,3274
Ming,9499,3274
Pare,9499,3274
Wear,9499,3274
Beckmann,9503,3272
Scalf,9503,3272
Stanger,9503,3272
Walczak,9503,3272
Wardlaw,9503,3272
Glazier,9508,3271
Lamothe,9508,3271
Lansing,9508,3271
Rives,9508,3271
Cribb,9512,3270
Grinnell,9512,3270
Mijares,9512,3270
Feltner,9515,3268
Hanner,9515,3268
Hendley,9515,3268
Trader,9515,3268
Buckland,9519,3267
Whitesell,9519,3267
Copp,9521,3266
Corea,9521,3266
Courville,9521,3266
Mellinger,9521,3266
Mikesell,9521,3266
Frederickson,9526,3265
Bastien,9527,3264
Tinney,9527,3264
Arp,9529,3263
Frechette,9529,3263
Goines,9529,3263
Slusser,9529,3263
Tincher,9529,3263
Duprey,9534,3262
Ogilvie,9534,3262
Lefever,9536,3260
Sines,9536,3260
Dillow,9538,3259
Mccarron,9538,3259
Nath,9538,3259
Teitelbaum,9538,3259
Telford,9538,3259
Gaughan,9543,3258
Sharon,9543,3258
Blomquist,9545,3257
Shankar,9545,3257
Tweedy,9545,3257
Hendon,9548,3256
Zellner,9548,3256
Beamer,9550,3255
Che,9550,3255
Nayak,9550,3255
Seaver,9550,3255
Gerken,9554,3254
Geter,9554,3254
Joo,9554,3254
Averill,9557,3252
Canaday,9557,3252
Helfrich,9557,3252
Lambrecht,9557,3252
Rochelle,9557,3252
Khatri,9562,3251
Kleinman,9562,3251
Nilsson,9562,3251
Petrone,9562,3251
Baugher,9566,3250
Colter,9566,3250
Prejean,9566,3250
Schuyler,9566,3250
Arens,9570,3249
Bisson,9570,3249
Moose,9570,3249
Bitner,9573,3248
Diop,9574,3247
Esch,9574,3247
Karam,9574,3247
Weeden,9574,3247
Ferrera,9578,3246
Garry,9578,3246
Hubble,9578,3246
Latour,9578,3246
Cauthen,9582,3245
Dice,9582,3245
Olivieri,9582,3245
Calderone,9585,3244
Palazzolo,9585,3244
Sow,9585,3244
Tafolla,9585,3244
Trueblood,9585,3244
Basilio,9590,3242
Glidewell,9590,3242
Kunze,9590,3242
Najar,9593,3241
Storer,9593,3241
Abebe,9595,3240
Hendren,9595,3240
Dunigan,9597,3239
Grafton,9597,3239
Marrone,9597,3239
Mower,9597,3239
Hetherington,9601,3238
Naugle,9602,3237
Bulger,9603,3236
Coddington,9604,3235
Vancamp,9604,3235
Bomar,9606,3234
Ingham,9606,3234
Senter,9606,3234
Spiker,9606,3234
Garrard,9610,3233
Lundin,9610,3233
Phinney,9610,3233
Cabrales,9613,3230
Pauly,9613,3230
Peet,9613,3230
Bresnahan,9616,3229
Cripe,9616,3229
Didonato,9618,3228
Narayan,9618,3228
Perrault,9618,3228
Scheel,9618,3228
Terranova,9618,3228
Goldfarb,9623,3227
Harshman,9623,3227
Oney,9623,3227
Birnbaum,9626,3226
Howze,9626,3226
Haven,9628,3225
Hilty,9628,3225
Mancha,9628,3225
Maradiaga,9628,3225
Mulvaney,9628,3225
Subedi,9628,3225
Devault,9634,3224
Bretz,9635,3223
Pankey,9635,3223
Topping,9635,3223
Trexler,9635,3223
Balogh,9639,3222
Pascal,9639,3222
Clemmer,9641,3221
Schuetz,9641,3221
Zapien,9641,3221
Culberson,9644,3220
Kan,9644,3220
Earhart,9646,3219
Zehr,9646,3219
Attaway,9648,3218
Ebel,9648,3218
Husain,9648,3218
Brann,9651,3217
Oloughlin,9651,3217
Geis,9653,3215
Dail,9654,3214
Mccalla,9654,3214
Whisenant,9654,3214
Cavallaro,9657,3213
Rahim,9657,3213
Vanzandt,9657,3213
Lindholm,9660,3212
Smithers,9660,3212
Callison,9662,3209
Spradley,9662,3209
Aguillon,9664,3208
Brinkerhoff,9664,3208
Jowers,9666,3207
Nevels,9666,3207
Vences,9666,3207
Woodrum,9666,3207
Massengill,9670,3206
Mcclurg,9670,3206
Brickey,9672,3205
Lindell,9672,3205
Ramesh,9672,3205
Dunston,9675,3204
Morrissette,9675,3204
Brough,9677,3203
Ducote,9678,3202
Jumper,9678,3202
Peres,9678,3202
Poteat,9678,3202
Whisenhunt,9678,3202
Jeffreys,9683,3201
Leath,9683,3201
Clack,9685,3200
Wathen,9685,3200
Bugg,9687,3199
Pinter,9687,3199
Sala,9687,3199
Bainbridge,9690,3198
Rajan,9690,3198
Buhler,9692,3197
Denmark,9692,3197
Emmett,9692,3197
Vizcaino,9692,3197
Stamey,9696,3196
Ba,9697,3195
Cavalier,9697,3195
Pascoe,9697,3195
Absher,9700,3194
Meekins,9700,3194
Ryu,9700,3194
Lantigua,9703,3193
Oboyle,9703,3193
Trainer,9703,3193
Beller,9706,3192
Kung,9706,3192
Dewald,9708,3191
Molinar,9708,3191
Rossiter,9708,3191
Threatt,9708,3191
Banning,9712,3190
Biswas,9712,3190
Dare,9712,3190
Seda,9712,3190
Thrift,9712,3190
Eaddy,9717,3188
Lino,9717,3188
Stagg,9717,3188
Wager,9717,3188
Kisner,9721,3187
Gust,9722,3186
Keele,9722,3186
Clymer,9724,3185
Furlow,9724,3185
Hagans,9724,3185
Jha,9724,3185
Palmisano,9724,3185
Daughter,9729,3184
Billy,9730,3183
Durante,9730,3183
Santini,9730,3183
Yeo,9730,3183
Glazer,9734,3182
Pelham,9734,3182
Pickle,9734,3182
Rowlett,9734,3182
Camper,9738,3181
Donoghue,9738,3181
Lacasse,9738,3181
Dunagan,9741,3179
Mulvihill,9741,3179
Olmsted,9741,3179
Giannini,9744,3177
Keffer,9744,3177
Kreger,9744,3177
Mcmillon,9744,3177
Shu,9744,3177
Marine,9749,3176
Ostrom,9749,3176
Rimmer,9749,3176
Trull,9749,3176
Rainer,9753,3175
Scalise,9753,3175
Berge,9755,3174
Rene,9755,3174
Acord,9757,3173
Fryman,9757,3173
Reneau,9757,3173
Foxx,9760,3172
Liss,9760,3172
Benedetto,9762,3171
Bibi,9762,3171
Regis,9762,3171
Ben,9765,3170
Darrah,9765,3170
Romain,9765,3170
Coco,9768,3169
Mountain,9768,3169
Oliveri,9768,3169
Percival,9768,3169
Resch,9768,3169
Alessi,9773,3168
Phares,9774,3165
Frampton,9775,3164
Melara,9775,3164
Mu,9775,3164
Tabares,9778,3163
Creasy,9779,3162
Posner,9779,3162
Spinner,9779,3162
Towery,9779,3162
Yong,9779,3162
Fenske,9784,3161
Hessler,9784,3161
Pillai,9784,3161
Gulick,9787,3160
Pyne,9788,3159
Skeens,9788,3159
Kaul,9790,3158
Malagon,9790,3158
Sabatino,9790,3158
Charleston,9793,3157
Chatterjee,9793,3157
Heywood,9793,3157
Vivar,9793,3157
Mac,9797,3156
Deleo,9798,3155
Leitch,9798,3155
Tun,9798,3155
Backer,9801,3154
Bolyard,9801,3154
Buggs,9801,3154
Jordon,9801,3154
Losey,9801,3154
Kabir,9806,3153
Quade,9806,3153
Throckmorton,9806,3153
Brambila,9809,3152
Mau,9809,3152
Stribling,9809,3152
Johannes,9812,3151
Sauder,9812,3151
Stcyr,9812,3151
Catania,9815,3150
Ouyang,9815,3150
Dilorenzo,9817,3149
Helmuth,9818,3148
Oman,9818,3148
Sistrunk,9820,3147
Ramsdell,9821,3146
Weinstock,9822,3145
Bradberry,9823,3144
Ferrier,9823,3144
Resto,9823,3144
Thoms,9823,3144
Tso,9823,3144
Fann,9828,3143
Ge,9828,3143
Castello,9830,3142
Bengtson,9831,3140
Calles,9831,3140
Cavallo,9831,3140
Fessler,9831,3140
Tavera,9835,3139
Rahimi,9836,3138
Blakemore,9837,3136
Manjarrez,9837,3136
Mentzer,9837,3136
Rode,9837,3136
Beery,9841,3135
Belknap,9841,3135
Cascio,9841,3135
Deem,9841,3135
Dougan,9841,3135
Peirce,9841,3135
Bolger,9847,3134
Guth,9847,3134
Halterman,9847,3134
Lieb,9847,3134
Mauk,9847,3134
Higbee,9852,3133
Zaleski,9852,3133
Gaylor,9854,3132
Pulver,9854,3132
Rosson,9854,3132
Blom,9857,3131
Depasquale,9857,3131
Arechiga,9859,3130
Baty,9859,3130
Hoggard,9859,3130
Twomey,9859,3130
Pecoraro,9863,3129
Simeon,9863,3129
Twigg,9863,3129
Wieczorek,9863,3129
Daves,9867,3128
Holmgren,9868,3127
Olney,9868,3127
Sword,9868,3127
Brewton,9871,3126
Junior,9871,3126
Kapadia,9871,3126
Grams,9874,3125
Labarge,9874,3125
Nasir,9876,3124
Roan,9876,3124
Traxler,9876,3124
Tedford,9879,3123
Yue,9879,3123
Mundt,9881,3122
Dann,9882,3120
Drexler,9883,3119
Perezgarcia,9883,3119
Poppe,9883,3119
Mahar,9886,3118
Spradling,9886,3118
Ayotte,9888,3117
Loughlin,9888,3117
Mauer,9888,3117
Mask,9891,3116
Violette,9891,3116
Eisele,9893,3115
Wilken,9893,3115
Durrett,9895,3114
Hartline,9895,3114
Rubinstein,9895,3114
Aubin,9898,3112
Dufrene,9898,3112
Blumberg,9900,3111
Frawley,9900,3111
Lampley,9900,3111
Stanfill,9900,3111
Stolz,9900,3111
Buzzard,9905,3110
Caviness,9905,3110
Chupp,9905,3110
Donohoe,9905,3110
Hoban,9905,3110
Struck,9905,3110
Hasson,9911,3109
Kimber,9911,3109
Michaelis,9911,3109
Shamblin,9911,3109
Amoroso,9915,3108
Bittle,9915,3108
Herb,9915,3108
Kahle,9915,3108
Peay,9915,3108
Tolle,9915,3108
Hungerford,9921,3107
Joya,9921,3107
Kammerer,9921,3107
Keesee,9924,3106
Stang,9924,3106
Stenson,9924,3106
Casella,9927,3105
Panchal,9927,3105
Thor,9927,3105
Berens,9930,3104
Bouldin,9930,3104
Christen,9930,3104
Hummer,9930,3104
Jaques,9930,3104
Brigman,9935,3103
Fruge,9935,3103
Randhawa,9935,3103
Beacham,9938,3102
Boutte,9939,3101
Cevallos,9939,3101
Mandell,9939,3101
Weakley,9939,3101
Koziol,9943,3100
Penton,9943,3100
Revis,9943,3100
Duplessis,9946,3099
Wesolowski,9946,3099
Cerny,9948,3098
Mccarroll,9948,3098
Sones,9948,3098
Ugarte,9948,3098
Bingaman,9952,3097
Carstens,9952,3097
Lemmons,9952,3097
Monger,9952,3097
Akbar,9956,3094
Canela,9956,3094
Colangelo,9956,3094
Misner,9956,3094
Bukowski,9960,3093
Millsaps,9960,3093
Brack,9962,3092
Pendergast,9963,3091
Southall,9963,3091
Gunning,9965,3090
Leroux,9965,3090
Romer,9965,3090
Blackstock,9968,3089
Featherstone,9968,3089
Hamlet,9968,3089
Klingensmith,9968,3089
Frakes,9972,3088
Privett,9972,3088
Barakat,9974,3087
Galligan,9974,3087
Harber,9974,3087
Steck,9974,3087
Woolfolk,9974,3087
Schuller,9979,3086
Traore,9979,3086
Driskill,9981,3085
Eccles,9981,3085
Lefkowitz,9981,3085
Nemec,9981,3085
Paramo,9981,3085
Collings,9986,3084
Duan,9986,3084
Jamal,9986,3084
Sill,9989,3083
Rhode,9990,3082
Schumaker,9990,3082
Billiot,9992,3081
Lines,9992,3081
Couto,9994,3080
Culler,9994,3080
Maharaj,9994,3080
Maitland,9994,3080
Saville,9994,3080
Hennings,9999,3078
Lathan,9999,3078
